0,0,0,0,0,0,0,0,0,0,0,0,0,0,0,21,40,40,3e,31,2b,4,4,4,2,5,11,7,7,7,c,2,46,40,3f,38,38,2e,f,18,1a,1d,1a,19,19,19,19,19,19,1d,1d,1d,1d,1d,1b,1b,18,f,2d,2d,46,46,40,3e,3e,2f,21,20,a,d,16,16,2d,2d,2,27,21,31,3e,31,21,0,0,0,0,0,0,0,0,0,0,0,0,0,0,0,0,0,0,0,0,0,0,0,0,0,0,0,0,0,0,0,0,0,0,0,0,0,0,0,0,0,0,0,0,0,0,0,0,0,0,0,0,0,0,0,0,0,0,0,0,0,0,0,0,0,0,0,0,0,0,0,0,0,0,0,0,0,0,0,0,0,0,0,0,0,0,0,0,0,0,0,0,0,0,0,0,0,0,0,0,0,0,0,0,0,0,0,0,0,0,0,0,0,0,0,0,0,0,0,0,0,0,0,0,0,0,0,0,0,0,0,0,0,0,0,0,0,0,0,0,0,0,0,0,0,0,0,0,0,0,0,0,0,0,0,0,0,0,0
0,0,0,0,0,0,0,0,0,0,0,0,0,0,0,21,3e,3e,33,2f,2a,2d,4,3,1,5,23,6,6,7,17,43,33,3e,46,3c,2d,f,1b,1b,1c,1c,1c,1e,1f,1f,1f,1f,1f,1f,1f,1f,1f,1e,1e,1e,1e,1c,18,2d,2a,2f,33,40,31,21,37,37,23,8,9,9,9,3,2,1,20,2f,31,2f,20,0,0,0,0,0,0,0,0,0,0,0,0,0,0,0,0,0,0,0,0,0,0,0,0,0,0,0,0,0,0,0,0,0,0,0,0,0,0,0,0,0,0,0,0,0,0,0,0,0,0,0,0,0,0,0,0,0,0,0,0,0,0,0,0,0,0,0,0,0,0,0,0,0,0,0,0,0,0,0,0,0,0,0,0,0,0,0,0,0,0,0,0,0,0,0,0,0,0,0,0,0,0,0,0,0,0,0,0,0,0,0,0,0,0,0,0,0,0,0,0,0,0,0,0,0,0,0,0,0,0,0,0,0,0,0,0,0,0,0,0,0,0,0,0,0,0,0,0,0,0,0,0,0,0,0,0,0,0,0
0,0,0,0,0,0,0,0,0,0,0,0,0,0,0,20,21,21,20,20,3,2d,3,2,34,25,21,20,5,6,e,2c,34,36,26,15,1b,1c,1f,5a,5b,5b,5d,91,93,93,92,92,92,92,92,92,91,5d,5d,5b,5a,1f,1f,1e,16,c,5,34,44,2f,21,20,20,28,1,1,1,1,1,1,1,1,20,20,0,0,0,0,0,0,0,0,0,0,0,0,0,0,0,0,0,0,0,0,0,0,0,0,0,0,0,0,0,0,0,0,0,0,0,0,0,0,0,0,0,0,0,0,0,0,0,0,0,0,0,0,0,0,0,0,0,0,0,0,0,0,0,0,0,0,0,0,0,0,0,0,0,0,0,0,0,0,0,0,0,0,0,0,0,0,0,0,0,0,0,0,0,0,0,0,0,0,0,0,0,0,0,0,0,0,0,0,0,0,0,0,0,0,0,0,0,0,0,0,0,0,0,0,0,0,0,0,0,0,0,0,0,0,0,0,0,0,0,0,0,0,0,0,0,0,0,0,0,0,0,0,0,0,0,0,0,0,0,0
0,0,0,0,0,0,0,0,0,0,0,0,0,0,0,5,7,7,6,b,9,3,2,20,2f,21,2f,20,5,a,d,16,1a,1a,1d,1c,1f,5c,5b,5d,5d,67,68,96,6d,6d,65,65,62,6d,65,65,6d,96,67,67,99,91,5b,5a,1f,1b,1b,1a,16,1,0,0,22,36,23,0,0,0,5,8,b,b,b,b,8,0,0,0,0,0,0,0,0,0,0,0,0,0,0,0,0,0,0,0,0,0,0,0,0,0,0,0,0,0,0,0,0,0,0,0,0,0,0,0,0,0,0,0,0,0,0,0,0,0,0,0,0,0,0,0,0,0,0,0,0,0,0,0,0,0,0,0,0,0,0,0,0,0,0,0,0,0,0,0,0,0,0,0,0,0,0,0,0,0,0,0,0,0,0,0,0,0,0,0,0,0,0,0,0,0,0,0,0,0,0,0,0,0,0,0,0,0,0,0,0,0,0,0,0,0,0,0,0,0,0,0,0,0,0,0,0,0,0,0,0,0,0,0,0,0,0,0,0,0,0,0,0,0,0,0,0,0,0,0
0,0,0,0,0,0,0,0,0,0,0,0,0,0,0,a,15,17,15,e,b,2,20,21,31,31,31,34,29,16,18,1b,1e,1f,5a,5b,5d,93,99,97,69,6e,66,66,77,77,66,66,66,77,66,77,77,7b,80,64,63,95,99,9b,91,5b,5a,1e,1b,f,18,4d,2c,0,20,21,21,20,5,a,c,16,16,16,8,0,0,0,0,0,0,0,0,0,0,0,0,0,0,0,0,0,0,0,0,0,0,0,0,0,0,0,0,0,0,0,0,0,0,0,0,0,0,0,0,0,0,0,0,0,0,0,0,0,0,0,0,0,0,0,0,0,0,0,0,0,0,0,0,0,0,0,0,0,0,0,0,0,0,0,0,0,0,0,0,0,0,0,0,0,0,0,0,0,0,0,0,0,0,0,0,0,0,0,0,0,0,0,0,0,0,0,0,0,0,0,0,0,0,0,0,0,0,0,0,0,0,0,0,0,0,0,0,0,0,0,0,0,0,0,0,0,0,0,0,0,0,0,0,0,0,0,0,0,0,0,0,0,0,0,0,0,0,0
0,0,0,0,0,0,0,0,0,0,0,0,0,0,0,a,17,1a,16,16,9,0,21,31,31,31,25,6,e,18,1c,1e,5a,5b,5d,92,99,6c,88,7e,75,7b,77,77,77,77,77,77,7c,7c,72,72,72,70,71,75,7f,7d,63,68,95,95,67,5d,5a,1e,1b,18,f,16,36,20,21,21,20,5,c,16,16,16,9,0,0,0,0,0,0,0,0,0,0,0,0,0,0,0,0,0,0,0,0,0,0,0,0,0,0,0,0,0,0,0,0,0,0,0,0,0,0,0,0,0,0,0,0,0,0,0,0,0,0,0,0,0,0,0,0,0,0,0,0,0,0,0,0,0,0,0,0,0,0,0,0,0,0,0,0,0,0,0,0,0,0,0,0,0,0,0,0,0,0,0,0,0,0,0,0,0,0,0,0,0,0,0,0,0,0,0,0,0,0,0,0,0,0,0,0,0,0,0,0,0,0,0,0,0,0,0,0,0,0,0,0,0,0,0,0,0,0,0,0,0,0,0,0,0,0,0,0,0,0,0,0,0,0,0,0,0,0,0
0,0,0,0,0,0,0,0,0,0,0,0,0,0,0,b,16,18,16,c,0,21,2f,31,31,34,7,16,1b,1e,5a,5b,67,6a,9a,98,84,5e,60,74,82,73,76,7a,7a,81,81,85,85,85,81,81,7a,7a,73,73,8b,82,82,89,89,6e,60,67,91,5c,1f,1e,1b,1b,4a,5,21,21,21,20,5,b,e,e,8,0,0,0,0,0,0,0,0,0,0,0,0,0,0,0,0,0,0,0,0,0,0,0,0,0,0,0,0,0,0,0,0,0,0,0,0,0,0,0,0,0,0,0,0,0,0,0,0,0,0,0,0,0,0,0,0,0,0,0,0,0,0,0,0,0,0,0,0,0,0,0,0,0,0,0,0,0,0,0,0,0,0,0,0,0,0,0,0,0,0,0,0,0,0,0,0,0,0,0,0,0,0,0,0,0,0,0,0,0,0,0,0,0,0,0,0,0,0,0,0,0,0,0,0,0,0,0,0,0,0,0,0,0,0,0,0,0,0,0,0,0,0,0,0,0,0,0,0,0,0,0,0,0,0,0,0,0,0,0
0,0,0,0,0,0,0,0,0,0,0,0,0,0,0,8,16,16,b,5,20,2f,2f,21,20,c,18,1c,1f,5a,5d,9b,97,6e,60,7e,79,82,82,73,76,7a,7a,7a,85,85,85,85,85,85,85,85,81,7a,7a,76,76,70,70,70,72,7b,77,87,92,93,5d,5c,1f,1b,16,12,5,21,21,21,20,0,8,9,0,0,0,0,0,0,0,0,0,0,0,0,0,0,0,0,0,0,0,0,0,0,0,0,0,0,0,0,0,0,0,0,0,0,0,0,0,0,0,0,0,0,0,0,0,0,0,0,0,0,0,0,0,0,0,0,0,0,0,0,0,0,0,0,0,0,0,0,0,0,0,0,0,0,0,0,0,0,0,0,0,0,0,0,0,0,0,0,0,0,0,0,0,0,0,0,0,0,0,0,0,0,0,0,0,0,0,0,0,0,0,0,0,0,0,0,0,0,0,0,0,0,0,0,0,0,0,0,0,0,0,0,0,0,0,0,0,0,0,0,0,0,0,0,0,0,0,0,0,0,0,0,0,0,0,0,0,0,0,0
0,0,0,0,0,0,0,0,0,0,0,0,0,0,0,1,9,2,36,44,2f,2f,36,5,15,18,1e,1f,5b,93,99,67,6a,6b,84,84,7e,78,78,76,76,7a,81,83,85,85,85,85,88,88,83,81,81,7a,7a,76,76,74,7a,7d,7d,7d,83,6a,97,95,92,91,5b,1f,1b,18,15,5,21,41,40,2f,21,33,20,0,0,0,0,0,0,0,0,0,0,0,0,0,0,0,0,0,0,0,0,0,0,0,0,0,0,0,0,0,0,0,0,0,0,0,0,0,0,0,0,0,0,0,0,0,0,0,0,0,0,0,0,0,0,0,0,0,0,0,0,0,0,0,0,0,0,0,0,0,0,0,0,0,0,0,0,0,0,0,0,0,0,0,0,0,0,0,0,0,0,0,0,0,0,0,0,0,0,0,0,0,0,0,0,0,0,0,0,0,0,0,0,0,0,0,0,0,0,0,0,0,0,0,0,0,0,0,0,0,0,0,0,0,0,0,0,0,0,0,0,0,0,0,0,0,0,0,0,0,0,0,0,0,0,0,0,0,0,0
0,0,0,0,0,0,0,0,0,0,0,0,0,0,0,20,20,21,40,33,31,21,42,17,1b,1e,5a,5d,99,67,63,98,6a,6a,6b,84,86,86,7e,7e,7e,7e,84,84,84,83,6a,6b,7f,80,89,89,89,89,82,82,78,7d,7d,83,83,83,85,83,60,60,69,99,93,5b,1f,1c,18,15,26,21,31,33,33,33,20,0,0,0,0,0,0,0,0,0,0,0,0,0,0,0,0,0,0,0,0,0,0,0,0,0,0,0,0,0,0,0,0,0,0,0,0,0,0,0,0,0,0,0,0,0,0,0,0,0,0,0,0,0,0,0,0,0,0,0,0,0,0,0,0,0,0,0,0,0,0,0,0,0,0,0,0,0,0,0,0,0,0,0,0,0,0,0,0,0,0,0,0,0,0,0,0,0,0,0,0,0,0,0,0,0,0,0,0,0,0,0,0,0,0,0,0,0,0,0,0,0,0,0,0,0,0,0,0,0,0,0,0,0,0,0,0,0,0,0,0,0,0,0,0,0,0,0,0,0,0,0,0,0,0,0,0,0,0,0
0,0,0,0,0,0,0,0,0,0,0,0,0,0,0,20,31,40,3e,31,2f,37,17,1b,1e,5a,5b,92,97,84,74,82,86,64,6e,6e,6e,6e,6e,6e,6e,6e,6e,6e,6e,6e,6e,65,65,66,66,66,77,66,66,66,6e,64,64,6b,6a,6c,6c,83,72,7c,78,63,99,92,5b,5a,1c,1b,16,0,31,3e,3e,3e,21,0,0,0,0,0,0,0,0,0,0,0,0,0,0,0,0,0,0,0,0,0,0,0,0,0,0,0,0,0,0,0,0,0,0,0,0,0,0,0,0,0,0,0,0,0,0,0,0,0,0,0,0,0,0,0,0,0,0,0,0,0,0,0,0,0,0,0,0,0,0,0,0,0,0,0,0,0,0,0,0,0,0,0,0,0,0,0,0,0,0,0,0,0,0,0,0,0,0,0,0,0,0,0,0,0,0,0,0,0,0,0,0,0,0,0,0,0,0,0,0,0,0,0,0,0,0,0,0,0,0,0,0,0,0,0,0,0,0,0,0,0,0,0,0,0,0,0,0,0,0,0,0,0,0,0,0,0,0,0
0,0,0,0,0,0,0,0,0,0,0,0,0,0,0,21,33,40,33,2f,51,1a,1b,1e,5a,5d,9b,68,5f,8b,8b,5e,80,87,66,66,66,65,62,62,66,66,87,87,66,66,66,65,66,66,66,66,66,66,66,66,65,6e,6e,6e,64,6b,6b,86,7c,8b,7c,5e,63,99,93,5d,1f,1e,1b,d,33,40,40,3e,21,0,0,0,0,0,0,0,0,0,0,0,0,0,0,0,0,0,0,0,0,0,0,0,0,0,0,0,0,0,0,0,0,0,0,0,0,0,0,0,0,0,0,0,0,0,0,0,0,0,0,0,0,0,0,0,0,0,0,0,0,0,0,0,0,0,0,0,0,0,0,0,0,0,0,0,0,0,0,0,0,0,0,0,0,0,0,0,0,0,0,0,0,0,0,0,0,0,0,0,0,0,0,0,0,0,0,0,0,0,0,0,0,0,0,0,0,0,0,0,0,0,0,0,0,0,0,0,0,0,0,0,0,0,0,0,0,0,0,0,0,0,0,0,0,0,0,0,0,0,0,0,0,0,0,0,0,0,0,0
0,0,0,0,0,0,0,0,0,0,0,0,0,0,0,20,33,3e,2f,0,17,1b,1e,5a,5d,92,97,87,80,72,82,7c,77,77,66,77,66,66,66,66,66,6e,6e,6e,6e,6e,6e,64,87,87,66,66,62,66,66,66,66,66,66,66,66,7b,66,77,70,7c,8b,7c,7f,69,95,92,5b,5a,1e,1b,16,31,33,3e,20,0,0,0,0,0,0,0,0,0,0,0,0,0,0,0,0,0,0,0,0,0,0,0,0,0,0,0,0,0,0,0,0,0,0,0,0,0,0,0,0,0,0,0,0,0,0,0,0,0,0,0,0,0,0,0,0,0,0,0,0,0,0,0,0,0,0,0,0,0,0,0,0,0,0,0,0,0,0,0,0,0,0,0,0,0,0,0,0,0,0,0,0,0,0,0,0,0,0,0,0,0,0,0,0,0,0,0,0,0,0,0,0,0,0,0,0,0,0,0,0,0,0,0,0,0,0,0,0,0,0,0,0,0,0,0,0,0,0,0,0,0,0,0,0,0,0,0,0,0,0,0,0,0,0,0,0,0,0,0
0,0,0,0,0,0,0,0,0,0,0,0,0,0,0,20,2f,2f,21,c,18,1c,5a,5d,99,68,5f,66,7c,79,78,89,77,77,77,77,7b,7b,89,89,79,64,64,64,64,64,7e,7e,86,86,84,64,84,64,79,79,80,80,7b,7b,77,77,77,77,75,60,79,82,89,64,63,68,99,5b,1f,1e,18,9,21,41,20,0,0,0,0,0,0,0,0,0,0,0,0,0,0,0,0,0,0,0,0,0,0,0,0,0,0,0,0,0,0,0,0,0,0,0,0,0,0,0,0,0,0,0,0,0,0,0,0,0,0,0,0,0,0,0,0,0,0,0,0,0,0,0,0,0,0,0,0,0,0,0,0,0,0,0,0,0,0,0,0,0,0,0,0,0,0,0,0,0,0,0,0,0,0,0,0,0,0,0,0,0,0,0,0,0,0,0,0,0,0,0,0,0,0,0,0,0,0,0,0,0,0,0,0,0,0,0,0,0,0,0,0,0,0,0,0,0,0,0,0,0,0,0,0,0,0,0,0,0,0,0,0,0,0,0,0,0,0,0
0,0,0,0,0,0,0,0,0,0,0,0,0,0,0,0,21,20,16,16,1b,1f,5b,93,68,6d,62,62,62,87,84,61,88,7a,7a,81,7d,88,8a,98,88,7d,7d,7d,78,74,82,98,81,81,81,7a,88,88,88,81,7d,7d,78,78,7f,7f,74,7f,98,6b,5f,64,79,62,6e,6d,9a,91,5b,1f,1c,16,6,25,0,0,0,0,0,0,0,0,0,0,0,0,0,0,0,0,0,0,0,0,0,0,0,0,0,0,0,0,0,0,0,0,0,0,0,0,0,0,0,0,0,0,0,0,0,0,0,0,0,0,0,0,0,0,0,0,0,0,0,0,0,0,0,0,0,0,0,0,0,0,0,0,0,0,0,0,0,0,0,0,0,0,0,0,0,0,0,0,0,0,0,0,0,0,0,0,0,0,0,0,0,0,0,0,0,0,0,0,0,0,0,0,0,0,0,0,0,0,0,0,0,0,0,0,0,0,0,0,0,0,0,0,0,0,0,0,0,0,0,0,0,0,0,0,0,0,0,0,0,0,0,0,0,0,0,0,0,0,0,0
0,0,0,0,0,0,0,1,0,0,0,0,0,0,0,20,33,1,16,1b,1f,5b,93,67,97,65,66,8b,89,64,84,8a,88,81,81,81,81,83,99,99,97,88,76,76,76,8a,9b,9a,85,88,9b,9b,9a,9a,9a,9a,95,95,85,81,78,78,7d,81,61,6a,86,6e,6e,66,66,62,5f,97,91,5a,1e,1b,17,5,5,5,0,1,1,1,1,1,0,5,5,5,0,0,20,20,0,0,0,0,0,0,0,0,0,0,0,0,0,0,0,0,0,0,0,0,0,0,0,0,0,0,0,0,0,0,0,0,0,0,0,0,0,0,0,0,0,0,0,0,0,0,0,0,0,0,0,0,0,0,0,0,0,0,0,0,0,0,0,0,0,0,0,0,0,0,0,0,0,0,0,0,0,0,0,0,0,0,0,0,0,0,0,0,0,0,0,0,0,0,0,0,0,0,0,0,0,0,0,0,0,0,0,0,0,0,0,0,0,0,0,0,0,0,0,0,0,0,0,0,0,0,0,0,0,0,0,0,0,0,0,0,0,0,0,0,0,0,0,0
5,5,5,5,0,0,1,2,1,1,1,1,20,20,20,21,33,3f,18,1e,5a,99,67,86,6e,6d,6d,6d,6e,79,75,75,61,6e,74,76,79,95,9c,f7,a9,68,76,73,73,95,d0,f3,99,95,a9,f7,f7,f3,f3,f3,d0,9c,67,8a,64,64,9a,5e,7a,7a,84,6b,6d,6d,65,77,8b,5f,63,9b,5a,1c,1b,5,6,6,1,2,3,3,3,2,8,6,6,6,0,20,21,27,20,28,0,3b,4f,0,3b,0,0,0,0,0,0,0,0,0,3b,43,0,0,3b,3b,0,3b,43,0,4b,0,0,3b,0,4b,4b,0,35,24,0,43,35,0,0,24,35,24,0,0,0,0,0,0,0,39,28,0,0,0,35,0,4b,0,35,43,0,39,0,0,0,0,0,0,0,0,0,0,0,0,0,0,0,0,0,0,0,0,0,0,0,0,0,0,0,0,0,0,0,0,0,0,0,0,0,0,0,0,0,0,0,0,0,0,0,0,0,0,0,0,0,0,0,0,0,0,0,0,0,0,0,0,0,0,0,0,0,0,0,0,0,0,0,0,0,0,0,0
23,5,5,5,0,1,1,2,2,2,1,1,20,20,20,21,40,27,1b,1f,5d,67,98,79,6e,6d,68,68,6b,7f,72,72,64,87,76,73,75,95,9c,f7,a9,68,73,6f,73,95,d0,f3,5d,9b,a9,f7,a8,9c,a8,a9,f3,f7,9c,97,64,5f,6a,8a,76,76,7d,6a,96,6d,65,77,8b,70,82,67,5b,1e,1b,a,6,6,1,2,2d,2d,3,3,8,6,7,6,0,20,30,27,39,3b,43,0,0,0,0,4f,0,0,0,0,0,0,0,0,0,28,3b,28,3b,4f,0,0,0,24,0,39,52,0,0,0,0,39,0,39,4b,0,0,4f,54,0,0,0,28,39,3b,43,43,0,0,0,24,28,3b,54,39,35,0,52,0,39,28,0,0,0,0,0,0,0,0,0,0,0,0,0,0,0,0,0,0,0,0,0,0,0,0,0,0,0,0,0,0,0,0,0,0,0,0,0,0,0,0,0,0,0,0,0,0,0,0,0,0,0,0,0,0,0,0,0,0,0,0,0,0,0,0,0,0,0,0,0,0,0,0,0,0,0,0,0,0,0,0,0
20,20,20,0,0,1,1,2,2,2,1,1,0,0,20,20,3f,3,1c,5b,99,67,8b,75,80,6e,96,68,6b,7f,72,72,64,8a,73,73,74,95,9c,f7,a9,96,73,6f,6f,95,d0,f3,9b,67,a9,f7,9c,93,93,91,9c,f3,a9,6a,8b,87,61,63,76,76,7d,6a,68,6d,6e,77,77,6f,82,67,93,5a,1b,16,7,5,0,2,2a,2a,3,2,8,6,7,6,5,20,27,27,20,0,0,0,3b,57,0,0,0,0,0,0,0,0,0,0,0,0,35,0,0,0,0,4b,0,55,0,0,0,0,4b,35,24,54,0,0,0,0,3b,28,39,0,0,24,3b,0,0,0,35,0,0,0,0,0,0,0,0,0,0,4f,0,0,4b,24,0,0,0,0,0,0,0,0,0,0,0,0,0,0,0,0,0,0,0,0,0,0,0,0,0,0,0,0,0,0,0,0,0,0,0,0,0,0,0,0,0,0,0,0,0,0,0,0,0,0,0,0,0,0,0,0,0,0,0,0,0,0,0,0,0,0,0,0,0,0,0,0,0,0,0,0,0,0,0,0
20,20,0,0,0,1,2,2,2,2,1,0,0,0,20,0,d,18,1f,93,92,63,74,7c,80,64,96,96,64,86,75,75,84,8a,76,73,74,95,9c,f7,a9,68,73,6f,6f,68,d0,f3,95,67,a9,f7,9c,5d,93,93,94,f7,f3,60,5f,7b,98,7d,74,74,84,6a,68,6b,6e,7b,6f,7c,74,6a,92,91,1e,1b,15,5,0,27,2a,2a,27,1,5,6,7,7,5,0,27,27,30,4f,4b,28,0,0,4b,0,0,0,0,0,0,0,0,0,3b,0,54,4b,0,43,0,0,0,0,0,0,28,0,0,35,0,0,35,39,28,55,54,0,0,24,3b,43,35,0,0,24,0,0,0,39,43,3b,35,35,35,0,3b,0,0,28,0,3b,0,0,0,0,0,0,0,0,0,0,0,0,0,0,0,0,0,0,0,0,0,0,0,0,0,0,0,0,0,0,0,0,0,0,0,0,0,0,0,0,0,0,0,0,0,0,0,0,0,0,0,0,0,0,0,0,0,0,0,0,0,0,0,0,0,0,0,0,0,0,0,0,0,0,0,0,0,0,0,0
0,0,0,0,0,1,2,2,1,1,0,0,0,0,20,8,f,1c,5c,93,67,8a,5e,8b,75,80,6d,6b,64,86,75,74,84,8a,76,73,76,95,9c,f7,a9,68,73,6f,72,68,d0,f3,67,92,a8,f7,9c,99,91,93,9c,f7,a9,98,8b,7b,60,7d,74,74,84,6a,69,6a,86,75,6f,6f,82,88,5d,93,5a,1c,16,6,0,20,21,21,20,20,5,6,7,7,6,8,1,27,20,4f,0,8e,9e,9e,9e,0,0,0,0,0,0,0,0,0,0,0,0,0,0,90,9f,9e,9e,0,39,24,3b,43,0,9f,9e,9e,8e,0,0,28,0,90,9e,9f,9e,9e,9e,9e,9f,9e,9e,9e,9e,9e,9e,9e,9e,9e,9f,9f,24,0,4f,43,0,0,0,0,0,0,0,0,0,0,0,0,0,0,0,0,0,0,0,0,0,0,0,0,0,0,0,0,0,0,0,0,0,0,0,0,0,0,0,0,0,0,0,0,0,0,0,0,0,0,0,0,0,0,0,0,0,0,0,0,0,0,0,0,0,0,0,0,0,0,0,0,0,0,0,0,0,0,0,0,0,0
0,1,0,1,1,1,2,2,1,1,0,0,0,0,20,e,1b,1f,91,91,95,78,70,7c,7b,80,64,6b,64,86,79,79,61,8a,76,73,76,95,9c,f7,a9,68,79,71,79,92,d0,f3,95,9b,a9,f7,a9,a8,a8,a9,f7,f3,9c,74,70,5f,7e,98,74,79,84,6a,6a,6a,84,7f,82,5e,8b,5e,67,92,5d,1f,18,6,0,21,2f,31,2f,20,5,6,7,12,a,8,1,1,35,55,0,ab,ff,ff,f5,55,0,0,0,0,0,0,0,0,52,55,52,0,55,ad,ff,ff,ad,43,0,0,0,39,58,f5,ff,fb,ab,35,4f,24,4f,f5,ff,ff,ff,ff,ff,ff,ff,f8,f9,fd,ff,ff,ff,ff,ff,fc,f6,f9,0,52,0,0,24,0,0,0,0,0,0,0,0,0,0,0,0,0,0,0,0,0,0,0,0,0,0,0,0,0,0,0,0,0,0,0,0,0,0,0,0,0,0,0,0,0,0,0,0,0,0,0,0,0,0,0,0,0,0,0,0,0,0,0,0,0,0,0,0,0,0,0,0,0,0,0,0,0,0,0,0,0,0,0,0,0
1,2,1,2,2,2,1,1,1,1,0,0,5,5,5,16,1e,5c,93,67,97,78,7c,72,72,80,64,64,64,86,7f,7f,84,8a,76,76,88,95,9c,f7,a9,95,6b,7d,6a,92,d0,f3,99,5d,a9,f7,f3,f3,f3,f3,ac,9b,9a,74,72,8b,89,5e,79,79,86,6a,6a,6a,7d,74,73,70,8b,5f,6a,95,92,5a,1b,c,5,20,2f,31,2f,21,20,6,7,12,a,9,1,1,0,28,0,ac,ff,ff,f8,35,0,0,0,0,0,0,0,0,0,0,0,0,0,f1,ff,fb,f1,0,0,35,35,0,55,ff,fb,ff,ab,0,3b,0,0,f2,fa,f9,fb,ff,fc,f8,fd,ff,ff,ff,fb,f9,fb,ff,ff,fc,ff,fb,28,43,0,0,43,0,0,0,0,0,0,0,0,0,0,0,0,0,0,0,0,0,0,0,0,0,0,0,0,0,0,0,0,0,0,0,0,0,0,0,0,0,0,0,0,0,0,0,0,0,0,0,0,0,0,0,0,0,0,0,0,0,0,0,0,0,0,0,0,0,0,0,0,0,0,0,0,0,0,0,0,0,0,0,0,0
2,2,2,2,2,2,1,1,1,1,0,0,5,5,5,18,1f,5d,91,9b,83,8b,8b,70,72,75,86,64,64,86,7f,7f,64,89,74,74,83,95,9c,f7,a9,92,68,6c,95,93,d0,f3,67,99,a9,f7,9c,99,67,5d,93,9b,5e,8b,5e,82,60,89,79,79,86,84,83,83,81,7a,74,8b,5e,8b,86,97,95,5b,1c,16,b,20,2f,31,31,2f,20,6,c,c,b,b,1,1,28,28,0,ac,fa,fa,f9,0,0,0,0,0,0,0,0,0,28,24,0,52,24,f1,fb,ff,ad,0,39,28,0,0,55,fd,ff,ff,aa,35,0,0,0,aa,ab,aa,ab,ab,aa,aa,ad,f6,ff,f5,ad,ab,aa,ab,ab,aa,ab,aa,52,0,28,35,0,0,0,0,0,0,0,0,0,0,0,0,0,0,0,0,0,0,0,0,0,0,0,0,0,0,0,0,0,0,0,0,0,0,0,0,0,0,0,0,0,0,0,0,0,0,0,0,0,0,0,0,0,0,0,0,0,0,0,0,0,0,0,0,0,0,0,0,0,0,0,0,0,0,0,0,0,0,0,0,0,0
2a,2a,2,2,1,1,1,1,1,9,2c,3a,8,8,3a,1b,5a,91,99,67,7d,82,70,7c,72,75,79,86,86,86,86,86,64,6e,89,5f,63,95,9b,f7,a9,93,67,95,92,93,f3,f3,95,67,a9,f3,9c,67,95,92,92,95,73,6f,71,74,7f,7f,79,79,86,84,83,7d,81,7a,73,73,71,75,79,64,96,92,1f,1b,e,35,33,31,31,3e,20,6,c,c,b,b,1,0,0,0,0,ac,fd,ff,f6,0,0,0,0,0,0,0,0,0,0,0,0,24,0,f1,ff,ff,f1,0,24,0,28,0,52,ff,ff,ff,ab,24,24,0,0,0,0,0,24,0,0,28,8e,ff,fc,ff,9e,24,0,0,24,0,0,0,0,0,0,0,0,0,0,0,0,0,0,0,0,0,0,0,0,0,0,0,0,0,0,0,0,0,0,0,0,0,0,0,0,0,0,0,0,0,0,0,0,0,0,0,0,0,0,0,0,0,0,0,0,0,0,0,0,0,0,0,0,0,0,0,0,0,0,0,0,0,0,0,0,0,0,0,0,0,0,0,0,0,0,0,0,0
2a,2a,2,2,1,1,1,1,1,1,b,2c,8,9,16,1b,5b,95,6c,63,7f,82,70,72,72,72,75,79,7f,86,86,64,6d,65,66,64,97,99,9b,f3,f3,9b,92,99,5d,9c,f7,ac,95,5d,a9,f7,9c,97,95,67,92,68,71,6f,73,74,7f,86,79,79,86,7e,7d,7d,7a,7a,76,73,71,75,75,80,6e,92,5a,1c,16,2c,21,31,31,41,20,5,b,b,b,9,0,0,0,0,0,ac,fd,ff,f6,0,0,0,0,0,0,0,0,0,0,0,0,24,0,f1,ff,ff,f1,0,24,0,28,0,52,ff,ff,ff,ab,24,24,0,0,0,0,0,24,0,0,28,8e,ff,fc,ff,9e,24,0,0,24,0,0,0,0,0,0,0,0,0,0,0,0,0,0,0,0,0,0,0,0,0,0,0,0,0,0,0,0,0,0,0,0,0,0,0,0,0,0,0,0,0,0,0,0,0,0,0,0,0,0,0,0,0,0,0,0,0,0,0,0,0,0,0,0,0,0,0,0,0,0,0,0,0,0,0,0,0,0,0,0,0,0,0,0,0,0,0,0,0
27,27,27,27,20,20,0,0,1,1,9,d,b,b,e,1e,5d,97,69,63,8a,89,74,7c,72,72,75,79,7f,86,84,6e,6d,66,65,6e,97,95,92,a8,f3,d0,a9,a8,a9,f3,f3,9b,99,67,a9,f7,9a,63,6c,97,95,6b,6f,6f,73,7d,86,64,86,7f,7f,7f,7e,78,74,74,74,74,74,79,75,75,80,95,5b,1c,18,16,20,31,2f,41,20,8,b,d,9,2,20,20,0,0,0,ac,fd,ff,f6,0,0,0,0,0,0,0,0,0,0,0,0,24,0,f1,ff,ff,f1,0,24,0,28,0,52,ff,ff,ff,ab,24,24,0,0,0,0,0,24,0,0,28,8e,ff,fc,ff,9e,24,0,0,24,0,0,0,0,0,0,0,0,0,0,0,0,0,0,0,0,0,0,0,0,0,0,0,0,0,0,0,0,0,0,0,0,0,0,0,0,0,0,0,0,0,0,0,0,0,0,0,0,0,0,0,0,0,0,0,0,0,0,0,0,0,0,0,0,0,0,0,0,0,0,0,0,0,0,0,0,0,0,0,0,0,0,0,0,0,0,0,0,0
27,27,27,27,20,20,20,0,9,8,9,9,e,16,f,1f,92,8a,61,60,8a,7f,60,82,75,72,75,74,7f,7e,6b,64,6d,87,62,6e,6c,67,63,96,a9,f3,f3,f3,f7,d0,9c,5d,85,97,a9,f3,a8,98,85,6c,68,6e,6f,6f,76,83,6b,64,86,7f,7f,7f,79,79,74,74,7f,7f,7f,79,79,75,75,68,91,1e,1b,18,5,41,2f,33,20,2,2d,2d,3,2,20,21,20,0,0,ac,fd,ff,f6,0,0,0,0,0,0,0,0,0,0,0,0,24,0,f1,ff,ff,f1,0,24,0,28,0,52,ff,ff,ff,ab,24,24,0,0,0,0,0,24,0,0,28,8e,ff,fc,ff,9e,24,0,0,24,0,0,0,0,0,0,0,0,0,0,0,0,0,0,0,0,0,0,0,0,0,0,0,0,0,0,0,0,0,0,0,0,0,0,0,0,0,0,0,0,0,0,0,0,0,0,0,0,0,0,0,0,0,0,0,0,0,0,0,0,0,0,0,0,0,0,0,0,0,0,0,0,0,0,0,0,0,0,0,0,0,0,0,0,0,0,0,0,0
21,21,20,20,21,20,20,0,9,8,d,b,f,18,f,5a,92,86,64,86,8a,84,60,82,75,75,71,74,7f,7e,6b,6b,64,87,62,89,83,85,98,5f,67,99,67,99,9b,93,67,9a,8a,63,92,9b,63,5e,81,88,6b,6e,6f,6f,7a,85,6a,6b,6b,7e,7f,79,75,75,75,75,79,7f,7f,7f,7f,79,74,6c,93,1f,1c,1b,6,4e,2f,2f,20,2,3,2d,3,2a,21,21,20,0,0,ac,fd,ff,f6,0,0,0,0,0,0,0,0,0,0,0,0,24,0,f1,ff,ff,f1,0,24,0,28,0,52,ff,ff,ff,ab,24,24,0,0,0,0,0,24,0,0,28,8e,ff,fc,ff,9e,24,0,0,24,0,0,0,0,0,0,0,0,0,0,0,0,0,0,0,0,0,0,0,0,0,0,0,0,0,0,0,0,0,0,0,0,0,0,0,0,0,0,0,0,0,0,0,0,0,0,0,0,0,0,0,0,0,0,0,0,0,0,0,0,0,0,0,0,0,0,0,0,0,0,0,0,0,0,0,0,0,0,0,0,0,0,0,0,0,0,0,0,0
21,21,20,21,21,21,20,0,24,9,16,d,f,18,18,5c,92,7e,86,8a,6b,61,60,89,79,75,71,75,7f,7e,84,84,84,79,89,7e,85,85,8b,79,67,6c,9a,9a,67,6c,8a,5e,78,83,92,67,98,8b,7a,61,6e,7b,6f,6f,7a,85,69,6b,6b,7e,7f,75,72,77,77,7b,80,86,64,86,7e,7f,73,6c,93,5a,1e,1b,c,42,21,2f,20,3,2d,4,3,2a,2f,2f,20,0,0,ac,fd,ff,f6,0,0,0,0,0,0,0,0,0,0,0,0,24,0,f1,ff,ff,f1,0,24,0,28,0,52,ff,ff,ff,ab,24,24,0,0,0,0,0,24,0,0,28,8e,ff,fc,ff,9e,24,0,0,24,0,0,0,0,0,0,0,0,0,0,0,0,0,0,0,0,0,0,0,0,0,0,0,0,0,0,0,0,0,0,0,0,0,0,0,0,0,0,0,0,0,0,0,0,0,0,0,0,0,0,0,0,0,0,0,0,0,0,0,0,0,0,0,0,0,0,0,0,0,0,0,0,0,0,0,0,0,0,0,0,0,0,0,0,0,0,0,0,0
21,21,21,2f,21,21,20,0,0,9,4d,f,18,18,18,5c,95,60,80,6e,6b,6b,6b,84,79,74,71,75,7f,7e,84,83,8a,78,8b,60,85,81,6f,6f,8a,7d,66,65,98,5e,5e,8b,73,98,99,67,64,5e,7a,8a,6e,77,6f,6f,7a,85,68,68,6a,7d,7f,75,77,77,77,77,6e,64,64,6b,7d,7d,76,6c,93,5a,1e,1b,15,23,2f,2f,20,3,2d,4,3,2a,2f,31,20,0,0,ac,fd,ff,f6,0,0,0,0,0,0,0,0,0,0,0,0,24,0,f1,ff,ff,f1,0,24,0,28,0,52,ff,ff,ff,ab,24,24,0,0,0,0,0,24,0,0,28,8e,ff,fc,ff,9e,24,0,0,24,0,0,0,0,0,0,0,0,0,0,0,0,0,0,0,0,0,0,0,0,0,0,0,0,0,0,0,0,0,0,0,0,0,0,0,0,0,0,0,0,0,0,0,0,0,0,0,0,0,0,0,0,0,0,0,0,0,0,0,0,0,0,0,0,0,0,0,0,0,0,0,0,0,0,0,0,0,0,0,0,0,0,0,0,0,0,0,0,0
21,21,21,21,20,20,20,20,0,1,4d,f,f,1b,1c,5b,99,7e,64,64,61,6b,8a,60,7f,74,74,74,74,7f,7d,7d,8a,5e,8b,78,98,76,6f,8b,78,78,8b,5e,64,98,8b,5e,71,60,63,97,79,82,7a,7d,6e,77,7c,6f,7a,6c,68,68,6a,7e,7f,75,77,77,77,7b,6e,64,64,6b,84,7d,7a,6c,92,5b,1e,1b,7,20,36,36,20,2,3,2d,2d,2a,21,21,20,0,0,ac,fd,ff,f6,0,0,0,0,0,0,0,0,0,0,0,0,24,0,f1,ff,ff,f1,0,24,0,28,0,52,ff,ff,ff,ab,24,24,0,0,0,0,0,24,0,0,28,8e,ff,fc,ff,9e,24,0,0,24,0,0,0,0,0,0,0,0,0,0,0,0,0,0,0,0,0,0,0,0,0,0,0,0,0,0,0,0,0,0,0,0,0,0,0,0,0,0,0,0,0,0,0,0,0,0,0,0,0,0,0,0,0,0,0,0,0,0,0,0,0,0,0,0,0,0,0,0,0,0,0,0,0,0,0,0,0,0,0,0,0,0,0,0,0,0,0,0,0
21,20,0,0,0,0,20,20,21,20,1,16,18,1b,1c,94,95,86,86,84,83,83,84,84,7e,78,78,74,74,74,74,7f,7f,86,78,74,72,77,7b,7b,64,64,65,65,96,64,77,77,6e,6e,64,79,70,70,7d,6b,6d,66,7c,7c,75,6b,68,68,6a,7f,7f,79,79,79,79,79,86,86,86,86,7e,7e,78,6b,68,5b,1e,15,21,33,20,34,5,0,27,2a,2a,2,6,7,26,0,0,ac,fc,ff,f5,59,59,59,59,59,59,59,59,59,59,59,59,59,59,f1,ff,ff,f1,0,24,0,28,0,52,ff,ff,ff,ab,24,24,0,0,0,0,0,24,0,0,28,8e,ff,fc,ff,9e,24,0,0,24,0,0,0,0,0,0,0,0,0,0,0,0,0,0,0,0,0,0,0,0,0,0,0,0,0,0,0,0,0,0,0,0,0,0,0,0,0,0,0,0,0,0,0,0,0,0,0,0,0,0,0,0,0,0,0,0,0,0,0,0,0,0,0,0,0,0,0,0,0,0,0,0,0,0,0,0,0,0,0,0,0,0,0,0,0,0,0,0,0
20,0,0,8,5,5,20,20,2f,21,20,e,18,1c,1e,91,95,84,84,84,84,84,84,84,7d,7e,78,78,7f,74,74,7f,7f,7f,7a,73,7c,7c,89,7e,8a,89,66,66,96,6a,77,77,65,6d,7b,6f,71,82,7f,6d,6d,62,77,77,72,86,68,68,6b,7f,7f,7f,7f,7f,7f,7f,7f,7f,7f,7f,7f,7f,7f,64,96,5b,1e,13,2f,3e,20,26,6,20,21,30,2b,2,11,13,37,4b,0,ac,fc,fc,ff,ff,ff,ff,ff,ff,ff,ff,ff,ff,ff,fb,ff,ff,f8,ff,fd,f5,f1,0,24,0,28,0,52,ff,ff,ff,ab,24,24,0,0,0,0,0,24,0,0,28,8e,ff,fc,ff,9e,24,0,0,24,0,0,0,0,0,0,0,0,0,0,0,0,0,0,0,0,0,0,0,0,0,0,0,0,0,0,0,0,0,0,0,0,0,0,0,0,0,0,0,0,0,0,0,0,0,0,0,0,0,0,0,0,0,0,0,0,0,0,0,0,0,0,0,0,0,0,0,0,0,0,0,0,0,0,0,0,0,0,0,0,0,0,0,0,0,0,0,0,0
20,0,0,8,8,5,20,20,2f,21,22,d,18,1b,1e,91,95,7e,7e,7e,7e,7e,7e,7e,7e,7e,7e,7f,7f,7f,7f,74,78,7a,7a,76,6f,6f,76,7a,7a,76,75,79,85,83,71,77,65,62,74,73,73,73,80,65,65,77,72,6f,73,78,96,96,64,7f,7f,7f,7f,7f,7f,7f,7f,7f,7f,7f,7f,7f,7f,64,96,5b,1e,17,31,3e,20,29,6,20,21,30,2b,2,7,11,5,4f,3b,ab,fc,ff,f6,fb,ff,ff,ff,ff,ff,ff,ff,ff,ff,fb,f9,ff,ff,fb,ff,ff,f1,0,24,0,28,0,52,ff,ff,ff,ab,24,24,0,0,0,0,0,24,0,0,28,8e,ff,fc,ff,9e,24,0,0,24,0,0,0,0,0,0,0,0,0,0,0,0,0,0,0,0,0,0,0,0,0,0,0,0,0,0,0,0,0,0,0,0,0,0,0,0,0,0,0,0,0,0,0,0,0,0,0,0,0,0,0,0,0,0,0,0,0,0,0,0,0,0,0,0,0,0,0,0,0,0,0,0,0,0,0,0,0,0,0,0,0,0,0,0,0,0,0,0,0
20,20,1,8,8,5,0,20,21,21,30,d,18,1b,1e,91,95,7f,7e,7f,7e,7f,7e,7f,7e,7f,7f,7f,7f,7f,7f,78,78,81,85,7a,73,71,7a,81,85,81,7e,7e,85,85,7e,7b,62,62,7a,7a,7a,76,80,66,66,77,7c,6f,73,74,6d,6d,64,7f,7f,7f,7f,7f,7f,7f,7f,7f,7f,7f,7f,7f,7f,64,96,5b,1e,17,2f,33,0,2c,6,0,21,30,2b,2a,6,11,53,0,0,ad,f8,fb,ff,f2,f2,f2,f2,f2,f2,f2,f2,f2,f1,f1,f2,f1,f1,fb,ff,f8,f1,0,24,0,28,0,52,ff,ff,ff,ab,24,24,0,0,0,0,0,24,0,0,28,8e,ff,fc,ff,9e,24,0,0,24,0,0,0,0,0,0,0,0,0,0,0,0,0,0,0,0,0,0,0,0,0,0,0,0,0,0,0,0,0,0,0,0,0,0,0,0,0,0,0,0,0,0,0,0,0,0,0,0,0,0,0,0,0,0,0,0,0,0,0,0,0,0,0,0,0,0,0,0,0,0,0,0,0,0,0,0,0,0,0,0,0,0,0,0,0,0,0,0,0
20,20,1,8,8,5,0,20,21,21,2f,d,f,1b,1e,91,95,79,7f,79,7f,79,7f,79,7f,7f,86,86,86,7f,86,86,6e,6a,95,95,6b,6e,6a,6c,95,68,96,96,95,95,96,6d,65,6e,81,7a,7a,7a,80,66,77,77,6f,73,76,76,6e,65,80,7f,7f,7f,7f,7f,7f,7f,7f,7f,7f,7f,7f,7f,7f,64,96,5b,1e,17,2f,33,8,e,6,0,21,31,38,2a,6,7,23,0,24,ab,fd,ff,f5,0,0,0,0,0,0,0,0,0,4b,0,54,0,52,ad,fb,ff,f1,0,24,0,28,0,52,ff,ff,ff,ab,24,24,0,0,0,0,0,24,0,0,28,8e,ff,fc,ff,9e,24,0,0,24,0,0,0,0,0,0,0,0,0,0,0,0,0,0,0,0,0,0,0,0,0,0,0,0,0,0,0,0,0,0,0,0,0,0,0,0,0,0,0,0,0,0,0,0,0,0,0,0,0,0,0,0,0,0,0,0,0,0,0,0,0,0,0,0,0,0,0,0,0,0,0,0,0,0,0,0,0,0,0,0,0,0,0,0,0,0,0,0,0
20,20,1,8,8,a,0,20,21,21,20,d,f,1b,1c,94,95,79,79,79,79,79,79,79,79,79,86,86,86,86,86,86,80,6b,95,95,6d,6d,6b,6c,95,68,6d,6d,69,95,68,68,6d,6b,85,85,85,85,6b,65,65,66,73,76,76,7a,64,6d,80,7f,7f,7f,7f,7f,7f,7f,7f,7f,7f,7f,7f,7f,7f,6b,68,5b,1c,15,20,31,9,16,a,0,21,31,38,2a,5,7,5,43,0,ac,ff,f5,f5,55,24,24,24,24,24,24,24,24,35,0,28,0,0,f2,ff,ff,f1,0,24,0,28,0,52,ff,ff,ff,ab,24,24,0,0,0,0,0,24,0,0,28,8e,ff,fc,ff,9e,24,0,0,24,0,0,0,0,0,0,0,0,0,0,0,0,0,0,0,0,0,0,0,0,0,0,0,0,0,0,0,0,0,0,0,0,0,0,0,0,0,0,0,0,0,0,0,0,0,0,0,0,0,0,0,0,0,0,0,0,0,0,0,0,0,0,0,0,0,0,0,0,0,0,0,0,0,0,0,0,0,0,0,0,0,0,0,0,0,0,0,0,0
20,20,1,8,9,a,0,20,2f,21,20,9,f,1b,1b,5b,95,79,80,80,75,75,75,75,80,80,80,86,64,64,6b,80,77,77,6b,6b,77,77,77,79,61,64,77,77,82,82,87,6d,97,97,85,85,85,85,6c,96,96,64,74,76,76,88,97,96,64,7f,7f,7f,7f,7f,7f,7f,7f,7f,7f,7f,7f,7f,7f,6b,67,5b,1c,15,20,2f,2d,f,c,5,2f,31,38,2a,5,6,5,57,0,ab,ff,ff,fb,0,0,0,0,0,0,0,0,0,35,0,0,43,0,f2,f9,fb,f1,0,24,0,28,0,52,ff,ff,ff,ab,24,24,0,0,0,0,0,24,0,0,28,8e,ff,fc,ff,9e,24,0,0,24,0,0,0,0,0,0,0,0,0,0,0,0,0,0,0,0,0,0,0,0,0,0,0,0,0,0,0,0,0,0,0,0,0,0,0,0,0,0,0,0,0,0,0,0,0,0,0,0,0,0,0,0,0,0,0,0,0,0,0,0,0,0,0,0,0,0,0,0,0,0,0,0,0,0,0,0,0,0,0,0,0,0,0,0,0,0,0,0,0
20,20,1,9,9,b,8,0,21,21,20,0,d,1b,1b,5c,95,80,79,80,80,75,75,75,80,80,80,80,64,64,6b,64,8b,8b,9b,9b,9a,8b,98,97,95,68,6e,8b,98,9a,9a,9b,9b,9b,9b,85,85,99,99,9b,92,68,88,8a,8a,98,99,9a,6a,7f,7f,7f,7f,7f,7f,7f,7f,7f,7f,7f,7f,7f,7f,6a,67,5b,1c,c,20,22,2d,18,c,5,31,33,38,2b,5,6,5,35,0,ad,fb,fc,f8,0,0,0,0,0,0,0,0,0,0,55,0,0,39,f1,fb,ff,f1,0,24,0,28,0,52,ff,ff,ff,ab,24,24,0,0,0,0,0,24,0,0,28,8e,ff,fc,ff,9e,24,0,0,24,0,0,0,0,0,0,0,0,0,0,0,0,0,0,0,0,0,0,0,0,0,0,0,0,0,0,0,0,0,0,0,0,0,0,0,0,0,0,0,0,0,0,0,0,0,0,0,0,0,0,0,0,0,0,0,0,0,0,0,0,0,0,0,0,0,0,0,0,0,0,0,0,0,0,0,0,0,0,0,0,0,0,0,0,0,0,0,0,0
21,20,1,9,9,b,8,0,34,21,21,22,d,16,1c,5c,92,64,60,89,79,60,8b,79,75,80,80,80,64,64,6b,69,67,a8,f7,f7,f7,f7,f3,f3,a9,91,93,a9,f3,f3,f7,f7,f7,f7,f3,d0,9a,a8,f3,d0,91,93,97,64,98,a8,f3,a8,6c,7f,7f,7f,7f,7f,7f,7f,7e,89,89,7e,60,7f,7f,63,99,5a,1c,15,21,22,18,f,c,6,2f,31,38,2b,5,6,5,0,0,ac,fd,ff,f6,0,0,0,0,0,0,0,0,0,0,0,0,24,0,f1,ff,ff,f1,0,24,0,28,0,52,ff,ff,ff,ab,24,24,0,0,0,0,0,24,0,0,28,8e,ff,fc,ff,9e,24,0,0,24,0,0,0,0,0,0,0,0,0,0,0,0,0,0,0,0,0,0,0,0,0,0,0,0,0,0,0,0,0,0,0,0,0,0,0,0,0,0,0,0,0,0,0,0,0,0,0,0,0,0,0,0,0,0,0,0,0,0,0,0,0,0,0,0,0,0,0,0,0,0,0,0,0,0,0,0,0,0,0,0,0,0,0,0,0,0,0,0,0
21,27,1,9,b,b,8,0,20,21,21,21,b,e,1b,5a,92,6b,6b,89,64,60,8b,79,75,75,79,80,64,64,6b,69,9b,a8,f7,ab,9c,9c,a9,d0,f7,a9,91,9b,a8,9c,9c,f7,ad,9c,a8,a8,67,9c,f7,f7,a9,91,67,63,6e,a9,f7,9c,95,7f,7f,7f,7f,7f,7f,7f,7e,7f,7f,7f,7f,89,89,69,93,1f,18,37,2f,30,2e,f,c,6,21,31,30,2a,5,6,5,0,0,ac,fd,ff,f6,0,0,0,0,0,0,0,0,0,0,0,0,24,0,f1,ff,ff,f1,0,24,0,28,0,52,ff,ff,ff,ab,24,24,0,0,0,0,0,24,0,0,28,8e,ff,fc,ff,9e,24,0,0,24,0,0,0,0,0,0,0,0,0,0,0,0,0,0,0,0,0,0,0,0,0,0,0,0,0,0,0,0,0,0,0,0,0,0,0,0,0,0,0,0,0,0,0,0,0,0,0,0,0,0,0,0,0,0,0,0,0,0,0,0,0,0,0,0,0,0,0,0,0,0,0,0,0,0,0,0,0,0,0,0,0,0,0,0,0,0,0,0,0
2f,27,1,9,b,b,8,0,20,2f,2f,20,28,b,16,1f,91,97,69,6b,84,60,7c,79,75,75,79,80,64,64,6b,6a,83,a8,f7,aa,93,92,5d,93,f3,f3,92,67,85,9b,9b,f7,ac,91,67,96,68,a8,f7,f3,f3,93,92,96,67,a9,f7,9c,95,7f,7f,7f,7f,7f,7f,7f,7f,7e,60,7f,89,89,7f,68,91,1f,17,37,31,32,4,f,c,6,2f,31,30,2a,6,7,5,0,0,ac,fd,ff,f6,0,0,0,0,0,0,0,0,0,0,0,0,24,0,f1,ff,ff,f1,0,24,0,28,0,52,ff,ff,ff,ab,24,24,0,0,0,0,0,24,0,0,28,8e,ff,fc,ff,9e,24,0,0,24,0,0,0,0,0,0,0,0,0,0,0,0,0,0,0,0,0,0,0,0,0,0,0,0,0,0,0,0,0,0,0,0,0,0,0,0,0,0,0,0,0,0,0,0,0,0,0,0,0,0,0,0,0,0,0,0,0,0,0,0,0,0,0,0,0,0,0,0,0,0,0,0,0,0,0,0,0,0,0,0,0,0,0,0,0,0,0,0,0
2f,27,2,9,b,e,b,0,20,33,2f,20,28,e,16,1e,5d,97,68,69,6b,84,89,79,75,75,79,79,86,64,6b,6b,60,a9,f7,9c,91,93,67,99,f3,f3,99,9a,85,5d,93,f7,a9,93,99,68,9a,a8,f7,a9,f3,d0,92,96,68,a9,f7,9c,95,7f,7f,7f,7f,7f,7f,7f,89,7e,7e,7f,7f,60,60,95,5b,1e,12,41,3e,32,4,f,12,7,21,2f,27,2,a,7,5,0,0,ac,fd,ff,f6,0,0,0,0,0,0,0,0,0,0,0,0,24,0,f1,ff,ff,f1,0,24,0,28,0,52,ff,ff,ff,ab,24,24,0,0,0,0,0,24,0,0,28,8e,ff,fc,ff,9e,24,0,0,24,0,0,0,0,0,0,0,0,0,0,0,0,0,0,0,0,0,0,0,0,0,0,0,0,0,0,0,0,0,0,0,0,0,0,0,0,0,0,0,0,0,0,0,0,0,0,0,0,0,0,0,0,0,0,0,0,0,0,0,0,0,0,0,0,0,0,0,0,0,0,0,0,0,0,0,0,0,0,0,0,0,0,0,0,0,0,0,0,0
2f,27,2,9,b,e,b,5,20,3e,31,21,34,3a,e,1c,5b,95,95,68,6a,6b,7f,78,75,75,74,79,7e,86,6b,6b,60,a9,f3,aa,91,93,9b,a8,f3,a9,5d,68,9a,99,9c,f7,a9,91,95,63,97,a8,f7,aa,a8,f7,a8,67,9b,a8,f7,9c,95,7f,7f,7f,7f,7f,7f,7f,7f,7f,7f,7f,60,5f,7e,99,5c,1b,7,40,40,33,4,18,12,7,21,2f,27,3,c,12,5,0,0,ac,fd,ff,f6,0,0,0,0,0,0,0,0,0,0,0,0,24,0,f1,ff,ff,f1,0,24,0,28,0,52,ff,ff,ff,ab,24,24,0,0,0,0,0,24,0,0,28,8e,ff,fc,ff,9e,24,0,0,24,0,0,0,0,0,0,0,0,0,0,0,0,0,0,0,0,0,0,0,0,0,0,0,0,0,0,0,0,0,0,0,0,0,0,0,0,0,0,0,0,0,0,0,0,0,0,0,0,0,0,0,0,0,0,0,0,0,0,0,0,0,0,0,0,0,0,0,0,0,0,0,0,0,0,0,0,0,0,0,0,0,0,0,0,0,0,0,0,0
2f,27,2,9,d,e,b,5,20,33,31,21,34,2c,b,1c,5a,67,95,95,6a,6a,7e,78,74,75,74,74,78,7e,84,84,84,a8,f7,f4,f3,f3,f3,f7,a9,91,92,63,5e,6c,9c,f7,a9,99,97,61,97,a8,f7,a8,94,d0,f3,9c,5d,a9,f7,9c,95,7f,7f,7f,7f,7f,7f,7f,7e,89,89,7f,7e,7f,7f,95,5a,1b,23,40,40,3e,2d,18,11,11,21,2f,27,3,15,15,a,0,0,ac,fd,ff,f6,0,0,0,0,0,0,0,0,0,0,0,0,24,0,f1,ff,ff,f1,0,24,0,28,0,52,ff,ff,ff,ab,24,24,0,0,0,0,0,24,0,0,28,8e,ff,fc,ff,9e,24,0,0,24,0,0,0,0,0,0,0,0,0,0,0,0,0,0,0,0,0,0,0,0,0,0,0,0,0,0,0,0,0,0,0,0,0,0,0,0,0,0,0,0,0,0,0,0,0,0,0,0,0,0,0,0,0,0,0,0,0,0,0,0,0,0,0,0,0,0,0,0,0,0,0,0,0,0,0,0,0,0,0,0,0,0,0,0,0,0,0,0,0
2f,27,2,9,d,e,b,8,20,2f,31,21,36,0,9,1c,5a,5d,92,67,97,69,7d,79,74,71,71,74,78,7e,84,7d,76,a8,f7,ad,a9,a9,a9,f3,f3,a8,67,8a,8b,85,91,f7,a9,99,6b,61,6c,a8,f7,9c,93,93,f3,d0,5d,a9,f7,9c,95,7f,7f,7f,7f,7f,7f,7f,60,89,89,7e,7f,89,60,5d,1f,1a,42,40,3e,3e,2d,18,13,11,21,21,1,9,15,17,a,0,0,ac,fd,ff,f6,0,0,0,0,0,0,0,0,0,0,0,0,24,0,f1,ff,ff,f1,0,24,0,28,0,52,ff,ff,ff,ab,24,24,0,0,0,0,0,24,0,0,28,8e,ff,fc,ff,9e,24,0,0,24,0,0,0,0,0,0,0,0,0,0,0,0,0,0,0,0,0,0,0,0,0,0,0,0,0,0,0,0,0,0,0,0,0,0,0,0,0,0,0,0,0,0,0,0,0,0,0,0,0,0,0,0,0,0,0,0,0,0,0,0,0,0,0,0,0,0,0,0,0,0,0,0,0,0,0,0,0,0,0,0,0,0,0,0,0,0,0,0,0
21,27,2,9,b,b,b,8,0,20,21,21,35,0,8,18,1f,5b,92,67,97,64,79,82,74,7f,7d,7d,7d,7e,7f,7f,7d,a8,f7,aa,94,93,67,9b,f3,f3,99,5e,5e,88,9c,f7,a9,97,63,9a,95,a8,f7,a8,91,93,a8,f7,a8,a8,f7,9c,95,79,86,7e,7e,7e,7f,79,79,8b,89,5f,6b,97,67,5b,1e,15,4e,3e,3e,33,3,16,11,7,23,21,20,9,15,15,8,0,0,ac,fd,ff,f6,0,0,0,0,0,0,0,0,0,0,0,0,24,0,f1,ff,ff,f1,0,24,0,28,0,52,ff,ff,ff,ab,24,24,0,0,0,0,0,24,0,0,28,8e,ff,fc,ff,9e,24,0,0,24,0,0,0,0,0,0,0,0,0,0,0,0,0,0,0,0,0,0,0,0,0,0,0,0,0,0,0,0,0,0,0,0,0,0,0,0,0,0,0,0,0,0,0,0,0,0,0,0,0,0,0,0,0,0,0,0,0,0,0,0,0,0,0,0,0,0,0,0,0,0,0,0,0,0,0,0,0,0,0,0,0,0,0,0,0,0,0,0,0
20,20,1,1,8,8,8,0,0,0,20,20,0,0,0,16,1c,1f,91,92,64,77,8b,77,80,6a,95,95,6c,64,77,77,6d,a8,f7,aa,94,93,99,67,a9,f7,9b,97,65,68,9b,f3,a9,67,67,97,92,a8,f7,a8,93,93,93,d0,f3,a9,f7,9c,68,80,64,84,7d,7d,74,7c,7c,77,8b,6e,68,92,93,1f,1b,a,20,21,21,21,1,8,5,5,20,0,0,1,8,a,0,35,0,9e,a7,a7,a7,4b,0,0,0,0,0,0,0,0,0,43,0,0,58,9e,a7,a7,a6,0,0,0,0,28,43,a7,a7,a7,90,57,0,0,4b,0,0,0,28,4f,0,0,8d,a7,aa,a6,8d,4b,0,0,0,0,0,0,0,0,0,0,0,0,0,0,0,0,0,0,0,0,0,0,0,0,0,0,0,0,0,0,0,0,0,0,0,0,0,0,0,0,0,0,0,0,0,0,0,0,0,0,0,0,0,0,0,0,0,0,0,0,0,0,0,0,0,0,0,0,0,0,0,0,0,0,0,0,0,0,0,0,0,0,0,0,0,0,0,0,0,0,0,0
0,0,0,0,0,0,0,0,0,0,0,0,0,0,0,a,17,1f,5c,99,5f,77,77,7c,80,6a,95,95,6c,64,77,77,5f,a8,f7,aa,91,5d,92,92,d0,f3,9b,67,5f,6d,9c,f7,a9,99,97,67,67,a8,f3,a8,92,99,91,9c,f3,f3,f7,a8,96,66,64,83,83,81,73,6f,7c,8b,62,6d,67,93,5c,1e,e,0,0,0,0,0,0,0,0,0,0,0,0,0,0,0,35,0,0,3b,0,0,57,0,0,0,0,0,0,0,0,0,35,43,24,0,0,52,54,0,28,0,54,0,0,43,0,52,35,4f,3b,0,0,39,43,24,52,0,0,28,28,0,0,0,39,4f,0,0,0,4b,39,28,0,0,0,0,0,0,0,0,0,0,0,0,0,0,0,0,0,0,0,0,0,0,0,0,0,0,0,0,0,0,0,0,0,0,0,0,0,0,0,0,0,0,0,0,0,0,0,0,0,0,0,0,0,0,0,0,0,0,0,0,0,0,0,0,0,0,0,0,0,0,0,0,0,0,0,0,0,0,0,0,0,0,0,0,0,0,0,0
0,0,0,0,0,0,0,0,0,0,0,0,0,0,0,a,17,1e,1f,91,96,62,77,77,80,7d,6c,6c,83,7e,7b,66,6d,a8,f7,ac,a8,a8,a9,a9,f7,d0,93,67,6d,97,93,f3,a9,67,97,67,9a,a9,f3,a8,96,97,92,5d,a9,f7,f7,9c,6d,7b,86,83,85,81,7a,71,7c,8b,62,60,92,91,1e,1b,e,0,0,0,0,0,0,0,0,0,0,0,0,0,0,0,28,0,55,4b,0,35,39,43,0,0,0,0,0,0,0,0,28,0,0,28,28,0,0,0,0,4f,39,0,0,0,39,0,0,0,0,39,3b,0,0,0,0,0,0,28,4b,4f,24,0,0,24,35,0,35,39,0,0,0,0,0,0,0,0,0,0,0,0,0,0,0,0,0,0,0,0,0,0,0,0,0,0,0,0,0,0,0,0,0,0,0,0,0,0,0,0,0,0,0,0,0,0,0,0,0,0,0,0,0,0,0,0,0,0,0,0,0,0,0,0,0,0,0,0,0,0,0,0,0,0,0,0,0,0,0,0,0,0,0,0,0,0,0,0,0,0
0,0,0,0,0,0,0,0,0,0,0,0,0,0,0,6,14,1a,1f,5b,99,63,87,79,74,74,7a,81,81,78,80,6e,6d,a8,f7,f3,f7,f3,f3,f3,a9,9b,5d,9a,87,63,9c,f3,a9,67,98,87,67,a8,f3,a8,63,63,96,99,93,d0,f7,a8,6d,77,86,83,85,85,7a,73,6f,72,89,67,93,5a,1b,1a,a,0,0,0,0,0,0,0,0,0,0,0,0,0,0,0,0,0,0,0,0,4b,0,35,0,0,0,0,0,0,0,0,28,0,0,35,35,24,39,55,28,35,0,4b,43,0,35,43,55,39,0,24,0,0,0,4b,0,43,4b,0,0,0,43,54,39,55,43,0,0,0,0,3b,0,0,0,0,0,0,0,0,0,0,0,0,0,0,0,0,0,0,0,0,0,0,0,0,0,0,0,0,0,0,0,0,0,0,0,0,0,0,0,0,0,0,0,0,0,0,0,0,0,0,0,0,0,0,0,0,0,0,0,0,0,0,0,0,0,0,0,0,0,0,0,0,0,0,0,0,0,0,0,0,0,0,0,0,0,0,0,0
0,0,0,0,0,0,0,0,0,0,0,0,0,0,0,5,14,14,1e,1f,91,92,96,60,71,73,73,73,76,74,80,65,62,5e,9c,91,92,96,68,61,9a,68,60,65,77,66,63,9a,67,98,79,5e,98,83,88,61,80,8b,5f,9a,5d,5d,9c,5d,66,77,7f,81,85,85,7a,73,70,72,6e,92,5b,1e,1a,7,5,0,0,0,0,0,0,0,0,0,0,0,0,0,0,0,28,4f,24,0,0,0,0,39,0,0,0,0,0,0,0,0,0,0,0,0,0,0,0,0,0,0,0,0,0,24,0,24,0,0,0,0,0,28,35,39,35,24,0,0,0,0,0,0,0,0,0,0,24,28,0,28,0,0,0,0,0,0,0,0,0,0,0,0,0,0,0,0,0,0,0,0,0,0,0,0,0,0,0,0,0,0,0,0,0,0,0,0,0,0,0,0,0,0,0,0,0,0,0,0,0,0,0,0,0,0,0,0,0,0,0,0,0,0,0,0,0,0,0,0,0,0,0,0,0,0,0,0,0,0,0,0,0,0,0,0,0,0,0,0
0,0,0,0,0,0,0,0,0,0,0,0,0,0,0,5,6,11,16,1e,5a,93,93,97,73,6f,6f,6f,6f,71,64,6d,8b,65,96,67,63,6b,64,87,5e,87,8b,8b,77,62,84,5e,98,89,7b,8b,5e,5e,61,78,5f,7c,62,98,97,97,67,9a,7b,77,79,7d,81,7a,7a,76,78,98,67,93,5a,1c,15,21,0,0,0,0,0,0,0,0,0,0,0,0,0,0,0,0,0,24,0,43,55,0,0,0,0,0,0,0,0,0,0,0,0,0,28,0,0,35,3b,35,52,0,4b,0,0,43,0,4b,0,3b,4b,28,24,39,0,0,0,0,0,39,4f,43,39,3b,24,3b,28,24,4b,39,0,0,0,0,0,0,0,0,0,0,0,0,0,0,0,0,0,0,0,0,0,0,0,0,0,0,0,0,0,0,0,0,0,0,0,0,0,0,0,0,0,0,0,0,0,0,0,0,0,0,0,0,0,0,0,0,0,0,0,0,0,0,0,0,0,0,0,0,0,0,0,0,0,0,0,0,0,0,0,0,0,0,0,0,0,0,0,0,0,0
0,0,0,0,0,0,0,0,0,0,0,0,0,0,0,0,23,6,9,18,1c,5c,91,95,7a,6f,6f,6f,6f,72,64,6d,5f,60,69,97,9a,6a,63,6e,8b,89,5e,62,8b,8b,8a,98,78,5e,79,82,82,8b,8a,74,7c,77,8b,5e,5e,98,63,60,80,7b,75,75,79,74,74,7a,83,97,5d,5b,1e,18,1,2f,20,0,0,0,0,0,0,0,0,0,0,0,0,0,0,0,55,3b,0,0,28,0,28,0,0,0,0,0,0,0,0,0,43,35,0,0,0,0,24,35,0,0,24,4f,4f,0,0,0,0,24,0,0,0,0,0,0,0,24,24,0,0,0,0,28,0,24,0,0,0,0,0,35,0,0,0,0,0,0,0,0,0,0,0,0,0,0,0,0,0,0,0,0,0,0,0,0,0,0,0,0,0,0,0,0,0,0,0,0,0,0,0,0,0,0,0,0,0,0,0,0,0,0,0,0,0,0,0,0,0,0,0,0,0,0,0,0,0,0,0,0,0,0,0,0,0,0,0,0,0,0,0,0,0,0,0,0,0,0,0,0
0,0,0,0,0,0,0,0,0,0,0,0,0,0,0,0,25,20,30,3,2e,1f,91,5d,83,6f,6f,6f,6f,7c,6e,6d,6e,98,63,83,85,85,63,8a,5e,82,8b,5f,5f,98,5e,98,79,7b,8b,5e,78,82,78,82,72,7c,77,7c,8b,78,5e,98,78,79,7b,77,77,77,80,83,95,91,5d,1f,1b,18,2b,30,20,0,0,0,0,0,0,0,0,0,0,0,0,0,0,0,0,0,35,3b,0,0,0,35,0,0,0,0,0,0,0,0,0,0,0,35,39,0,0,0,0,4f,0,0,0,24,4b,0,24,0,0,28,28,0,0,0,0,24,0,0,0,3b,35,0,0,24,0,0,24,0,0,3b,0,0,0,0,0,0,0,0,0,0,0,0,0,0,0,0,0,0,0,0,0,0,0,0,0,0,0,0,0,0,0,0,0,0,0,0,0,0,0,0,0,0,0,0,0,0,0,0,0,0,0,0,0,0,0,0,0,0,0,0,0,0,0,0,0,0,0,0,0,0,0,0,0,0,0,0,0,0,0,0,0,0,0,0,0,0,0,0
0,0,0,0,0,0,0,0,0,0,0,0,0,0,0,0,34,20,21,2d,4,1c,5a,5d,95,74,6f,6f,8b,8b,6e,63,84,7d,7d,7d,83,85,85,81,7f,75,75,74,7a,81,7a,78,80,80,86,86,84,7e,7f,80,7b,77,77,77,7b,79,7a,81,8a,60,5f,77,77,66,65,68,9b,5b,1f,1b,18,2d,4,3c,2a,0,0,0,0,0,0,0,0,0,0,0,0,0,0,0,0,0,0,0,0,0,0,0,0,0,0,0,0,0,0,0,0,0,0,0,0,0,0,0,0,0,0,0,0,0,0,0,0,0,0,0,0,0,0,0,0,0,0,0,0,0,0,0,0,0,0,0,0,0,0,0,0,0,0,0,0,0,0,0,0,0,0,0,0,0,0,0,0,0,0,0,0,0,0,0,0,0,0,0,0,0,0,0,0,0,0,0,0,0,0,0,0,0,0,0,0,0,0,0,0,0,0,0,0,0,0,0,0,0,0,0,0,0,0,0,0,0,0,0,0,0,0,0,0,0,0,0,0,0,0,0,0,0,0,0,0,0,0,0
0,0,0,0,0,0,0,0,0,0,0,0,0,0,0,0,20,20,2f,3c,2d,2e,1f,5a,92,6c,79,7c,72,79,6d,6d,84,78,79,79,7d,81,81,81,74,72,75,74,7a,7a,74,75,80,6e,6b,6a,6a,84,64,80,80,79,7b,7b,7b,79,81,81,81,88,7b,62,65,66,6d,92,5b,5a,1e,1a,15,3,2e,2e,2a,0,0,0,0,0,0,0,0,0,0,0,0,0,0,0,0,0,0,0,0,0,0,0,0,0,0,0,0,0,0,0,0,0,0,0,0,0,0,0,0,0,0,0,0,0,0,0,0,0,0,0,0,0,0,0,0,0,0,0,0,0,0,0,0,0,0,0,0,0,0,0,0,0,0,0,0,0,0,0,0,0,0,0,0,0,0,0,0,0,0,0,0,0,0,0,0,0,0,0,0,0,0,0,0,0,0,0,0,0,0,0,0,0,0,0,0,0,0,0,0,0,0,0,0,0,0,0,0,0,0,0,0,0,0,0,0,0,0,0,0,0,0,0,0,0,0,0,0,0,0,0,0,0,0,0,0,0,0,0
0,0,0,0,0,0,0,0,0,0,0,0,0,0,0,0,2a,27,30,38,3c,4,1c,1e,5b,5d,99,69,63,6b,87,6e,79,75,77,77,7b,75,79,75,77,77,77,72,75,75,77,77,7b,6e,6a,6c,6a,6b,6e,6e,64,64,80,80,77,75,81,85,67,8a,98,65,6d,6d,92,91,5a,1e,1d,19,c,2d,2e,2e,3,0,0,0,0,0,0,0,0,0,0,0,0,0,0,0,0,0,0,0,0,0,0,0,0,0,0,0,0,0,0,0,0,0,0,0,0,0,0,0,0,0,0,0,0,0,0,0,0,0,0,0,0,0,0,0,0,0,0,0,0,0,0,0,0,0,0,0,0,0,0,0,0,0,0,0,0,0,0,0,0,0,0,0,0,0,0,0,0,0,0,0,0,0,0,0,0,0,0,0,0,0,0,0,0,0,0,0,0,0,0,0,0,0,0,0,0,0,0,0,0,0,0,0,0,0,0,0,0,0,0,0,0,0,0,0,0,0,0,0,0,0,0,0,0,0,0,0,0,0,0,0,0,0,0,0,0,0,0,0
0,0,0,0,0,0,0,0,0,0,0,0,0,0,0,1,3c,38,27,27,2a,2d,2e,1c,1e,5a,91,99,95,63,68,6b,7f,79,75,7b,7b,75,75,75,75,75,75,74,79,74,7b,7b,7b,6e,6c,6c,6c,6b,6e,6e,6a,6a,86,80,77,7b,81,85,85,85,6a,96,96,92,5d,5a,1e,1a,19,13,3a,3,4,4,2,0,0,0,0,0,0,0,0,0,0,0,0,0,0,0,0,0,0,0,0,0,0,0,0,0,0,0,0,0,0,0,0,0,0,0,0,0,0,0,0,0,0,0,0,0,0,0,0,0,0,0,0,0,0,0,0,0,0,0,0,0,0,0,0,0,0,0,0,0,0,0,0,0,0,0,0,0,0,0,0,0,0,0,0,0,0,0,0,0,0,0,0,0,0,0,0,0,0,0,0,0,0,0,0,0,0,0,0,0,0,0,0,0,0,0,0,0,0,0,0,0,0,0,0,0,0,0,0,0,0,0,0,0,0,0,0,0,0,0,0,0,0,0,0,0,0,0,0,0,0,0,0,0,0,0,0,0,0,0
0,0,0,0,0,0,0,0,0,0,0,0,0,0,0,1,38,38,1,1,20,39,16,f,18,1c,5a,91,92,67,67,88,83,83,83,83,7d,7d,7d,7d,83,85,85,85,83,81,83,7d,7b,80,85,85,6c,6b,6e,6e,6a,6c,86,80,77,77,81,85,8a,63,67,92,93,5b,5a,1c,1b,15,11,13,35,2a,3,3,1,0,0,0,0,0,0,0,0,0,0,0,0,0,0,0,0,0,0,0,0,0,0,0,0,0,0,0,0,0,0,0,0,0,0,0,0,0,0,0,0,0,0,0,0,0,0,0,0,0,0,0,0,0,0,0,0,0,0,0,0,0,0,0,0,0,0,0,0,0,0,0,0,0,0,0,0,0,0,0,0,0,0,0,0,0,0,0,0,0,0,0,0,0,0,0,0,0,0,0,0,0,0,0,0,0,0,0,0,0,0,0,0,0,0,0,0,0,0,0,0,0,0,0,0,0,0,0,0,0,0,0,0,0,0,0,0,0,0,0,0,0,0,0,0,0,0,0,0,0,0,0,0,0,0,0,0,0,0,0
0,0,0,0,0,0,0,0,0,0,0,0,0,0,0,0,1,1,9,5,5,20,21,20,38,2d,1b,1f,5b,93,99,83,83,83,85,85,7d,7e,7e,7d,85,85,85,85,83,7d,83,7d,77,7b,83,85,83,64,66,6e,6a,83,84,80,77,77,7a,85,81,97,99,93,5c,1f,18,f,d,9,8,a,24,0,20,21,0,0,0,0,0,0,0,0,0,0,0,0,0,0,0,0,0,0,0,0,0,0,0,0,0,0,0,0,0,0,0,0,0,0,0,0,0,0,0,0,0,0,0,0,0,0,0,0,0,0,0,0,0,0,0,0,0,0,0,0,0,0,0,0,0,0,0,0,0,0,0,0,0,0,0,0,0,0,0,0,0,0,0,0,0,0,0,0,0,0,0,0,0,0,0,0,0,0,0,0,0,0,0,0,0,0,0,0,0,0,0,0,0,0,0,0,0,0,0,0,0,0,0,0,0,0,0,0,0,0,0,0,0,0,0,0,0,0,0,0,0,0,0,0,0,0,0,0,0,0,0,0,0,0,0,0,0,0,0,0
0,0,0,0,0,0,0,0,0,0,0,0,0,0,0,0,20,0,a,3a,7,23,2f,33,3e,40,2,18,1f,5b,67,63,7e,79,7d,7d,7b,77,77,7b,83,83,83,86,7b,7b,6e,80,77,7c,81,85,7d,7f,7b,80,83,83,7e,7b,77,7c,7a,81,5e,69,91,5b,1f,17,6,44,21,27,3,2,0,20,34,34,20,0,0,0,0,0,0,0,0,0,0,0,0,0,0,0,0,0,0,0,0,0,0,0,0,0,0,0,0,0,0,0,0,0,0,0,0,0,0,0,0,0,0,0,0,0,0,0,0,0,0,0,0,0,0,0,0,0,0,0,0,0,0,0,0,0,0,0,0,0,0,0,0,0,0,0,0,0,0,0,0,0,0,0,0,0,0,0,0,0,0,0,0,0,0,0,0,0,0,0,0,0,0,0,0,0,0,0,0,0,0,0,0,0,0,0,0,0,0,0,0,0,0,0,0,0,0,0,0,0,0,0,0,0,0,0,0,0,0,0,0,0,0,0,0,0,0,0,0,0,0,0,0,0,0,0,0,0,0,0
0,0,0,0,0,0,0,0,0,0,0,0,0,0,0,0,3a,6,7,14,13,6,2f,40,40,3e,33,4d,1c,1f,5a,5d,95,69,6c,6a,6e,77,77,77,80,7f,7f,80,77,77,80,75,77,77,81,83,7d,79,77,80,7d,83,7d,79,77,79,85,85,95,5d,5a,1e,1a,37,42,21,21,24,2,9,0,25,31,2f,20,0,0,0,0,0,0,0,0,0,0,0,0,0,0,0,0,0,0,0,0,0,0,0,0,0,0,0,0,0,0,0,0,0,0,0,0,0,0,0,0,0,0,0,0,0,0,0,0,0,0,0,0,0,0,0,0,0,0,0,0,0,0,0,0,0,0,0,0,0,0,0,0,0,0,0,0,0,0,0,0,0,0,0,0,0,0,0,0,0,0,0,0,0,0,0,0,0,0,0,0,0,0,0,0,0,0,0,0,0,0,0,0,0,0,0,0,0,0,0,0,0,0,0,0,0,0,0,0,0,0,0,0,0,0,0,0,0,0,0,0,0,0,0,0,0,0,0,0,0,0,0,0,0,0,0,0,0,0,0
0,0,0,0,0,0,0,0,0,0,0,0,0,0,0,5,c,13,14,14,13,11,6,2f,31,33,2f,2a,4,18,1c,1e,5b,5b,91,95,6c,61,7b,8b,72,72,72,6f,7c,73,73,76,60,80,98,98,89,79,7b,89,7f,84,63,63,68,97,95,5d,5a,1e,1b,18,d,30,20,5,11,14,14,13,6,21,3e,33,21,0,0,0,0,0,0,0,0,0,0,0,0,0,0,0,0,0,0,0,0,0,0,0,0,0,0,0,0,0,0,0,0,0,0,0,0,0,0,0,0,0,0,0,0,0,0,0,0,0,0,0,0,0,0,0,0,0,0,0,0,0,0,0,0,0,0,0,0,0,0,0,0,0,0,0,0,0,0,0,0,0,0,0,0,0,0,0,0,0,0,0,0,0,0,0,0,0,0,0,0,0,0,0,0,0,0,0,0,0,0,0,0,0,0,0,0,0,0,0,0,0,0,0,0,0,0,0,0,0,0,0,0,0,0,0,0,0,0,0,0,0,0,0,0,0,0,0,0,0,0,0,0,0,0,0,0,0,0,0
0,0,0,0,0,0,0,0,0,0,0,0,0,0,0,0,8,6,7,11,11,11,7,23,21,21,21,27,2,3,f,18,1c,1f,5c,5d,93,99,97,8a,8b,8b,8b,71,74,74,7a,7d,7f,79,79,79,79,78,78,88,63,95,99,92,93,5b,5a,1f,1e,1a,c,2,38,30,20,0,7,13,14,13,6,20,31,31,20,0,0,0,0,0,0,0,0,0,0,0,0,0,0,0,0,0,0,0,0,0,0,0,0,0,0,0,0,0,0,0,0,0,0,0,0,0,0,0,0,0,0,0,0,0,0,0,0,0,0,0,0,0,0,0,0,0,0,0,0,0,0,0,0,0,0,0,0,0,0,0,0,0,0,0,0,0,0,0,0,0,0,0,0,0,0,0,0,0,0,0,0,0,0,0,0,0,0,0,0,0,0,0,0,0,0,0,0,0,0,0,0,0,0,0,0,0,0,0,0,0,0,0,0,0,0,0,0,0,0,0,0,0,0,0,0,0,0,0,0,0,0,0,0,0,0,0,0,0,0,0,0,0,0,0,0,0,0,0
0,0,0,0,0,0,0,0,0,0,0,0,0,0,0,20,31,31,2f,21,20,6,6,6,6,5,5,5,a,c,15,15,14,19,1a,1e,5a,5c,5d,91,67,63,61,78,80,65,65,65,77,72,70,74,8a,8a,85,67,92,93,94,5c,1f,18,2d,16,15,14,12,8,2b,27,30,30,30,21,20,0,5,6,7,7,5,0,0,0,0,0,0,0,0,0,0,0,0,0,0,0,0,0,0,0,0,0,0,0,0,0,0,0,0,0,0,0,0,0,0,0,0,0,0,0,0,0,0,0,0,0,0,0,0,0,0,0,0,0,0,0,0,0,0,0,0,0,0,0,0,0,0,0,0,0,0,0,0,0,0,0,0,0,0,0,0,0,0,0,0,0,0,0,0,0,0,0,0,0,0,0,0,0,0,0,0,0,0,0,0,0,0,0,0,0,0,0,0,0,0,0,0,0,0,0,0,0,0,0,0,0,0,0,0,0,0,0,0,0,0,0,0,0,0,0,0,0,0,0,0,0,0,0,0,0,0,0,0,0,0,0,0,0,0,0
0,0,0,0,0,0,0,0,0,0,0,0,0,0,0,21,3e,3e,33,31,21,5,6,7,7,7,7,7,7,7,7,7,37,5,a,15,1b,1e,1f,5a,5b,5b,5d,92,92,99,96,96,96,6c,95,95,92,91,5d,5b,5c,5a,1c,18,16,54,40,2f,6,12,c,2c,2a,27,30,32,32,32,30,27,1,c,12,12,6,0,0,0,0,0,0,0,0,0,0,0,0,0,0,0,0,0,0,0,0,0,0,0,0,0,0,0,0,0,0,0,0,0,0,0,0,0,0,0,0,0,0,0,0,0,0,0,0,0,0,0,0,0,0,0,0,0,0,0,0,0,0,0,0,0,0,0,0,0,0,0,0,0,0,0,0,0,0,0,0,0,0,0,0,0,0,0,0,0,0,0,0,0,0,0,0,0,0,0,0,0,0,0,0,0,0,0,0,0,0,0,0,0,0,0,0,0,0,0,0,0,0,0,0,0,0,0,0,0,0,0,0,0,0,0,0,0,0,0,0,0,0,0,0,0,0,0,0,0,0,0,0,0,0,0,0,0,0,0
0,0,0,0,0,0,0,0,0,0,0,0,0,0,0,21,3e,3e,3e,31,20,0,7,11,11,11,11,7,6,5,5,1,4,3d,2e,1b,1b,1d,1d,1b,1b,1b,1c,1f,5a,5a,5a,5a,5a,5a,5a,5a,1f,1f,1e,1c,3d,3d,3d,18,f,15,15,1a,7,35,35,24,20,20,27,27,2b,2b,2a,3,3,9,b,b,8,0,0,0,0,0,0,0,0,0,0,0,0,0,0,0,0,0,0,0,0,0,0,0,0,0,0,0,0,0,0,0,0,0,0,0,0,0,0,0,0,0,0,0,0,0,0,0,0,0,0,0,0,0,0,0,0,0,0,0,0,0,0,0,0,0,0,0,0,0,0,0,0,0,0,0,0,0,0,0,0,0,0,0,0,0,0,0,0,0,0,0,0,0,0,0,0,0,0,0,0,0,0,0,0,0,0,0,0,0,0,0,0,0,0,0,0,0,0,0,0,0,0,0,0,0,0,0,0,0,0,0,0,0,0,0,0,0,0,0,0,0,0,0,0,0,0,0,0,0,0,0,0,0,0,0,0,0,0,0
0,0,0,0,0,0,0,0,0,0,0,0,0,0,0,20,2f,31,2f,21,20,8,a,c,12,11,7,6,5,21,2f,2f,3d,3d,3d,4,f,16,1a,50,43,3c,2d,4,2e,3d,47,47,3d,45,3d,3d,3d,3d,3d,3d,48,3d,2e,4,1b,1b,1a,1a,7,24,23,20,20,20,22,2a,27,2,2,3,3,3,3,3,1,0,0,0,0,0,0,0,0,0,0,0,0,0,0,0,0,0,0,0,0,0,0,0,0,0,0,0,0,0,0,0,0,0,0,0,0,0,0,0,0,0,0,0,0,0,0,0,0,0,0,0,0,0,0,0,0,0,0,0,0,0,0,0,0,0,0,0,0,0,0,0,0,0,0,0,0,0,0,0,0,0,0,0,0,0,0,0,0,0,0,0,0,0,0,0,0,0,0,0,0,0,0,0,0,0,0,0,0,0,0,0,0,0,0,0,0,0,0,0,0,0,0,0,0,0,0,0,0,0,0,0,0,0,0,0,0,0,0,0,0,0,0,0,0,0,0,0,0,0,0,0,0,0,0,0,0,0,0,0
0,0,0,0,0,0,0,0,0,0,0,0,0,0,0,5,11,11,7,6,a,9,9,9,9,8,0,20,21,31,33,3e,38,3c,3c,46,46,32,30,30,27,2b,3c,45,45,48,48,48,48,48,48,49,49,48,48,47,3d,3d,3d,2e,f,16,17,1d,11,7,5,0,20,2f,34,20,0,5,a,b,b,9,3,3,1,0,0,0,0,0,0,0,0,0,0,0,0,0,0,0,0,0,0,0,0,0,0,0,0,0,0,0,0,0,0,0,0,0,0,0,0,0,0,0,0,0,0,0,0,0,0,0,0,0,0,0,0,0,0,0,0,0,0,0,0,0,0,0,0,0,0,0,0,0,0,0,0,0,0,0,0,0,0,0,0,0,0,0,0,0,0,0,0,0,0,0,0,0,0,0,0,0,0,0,0,0,0,0,0,0,0,0,0,0,0,0,0,0,0,0,0,0,0,0,0,0,0,0,0,0,0,0,0,0,0,0,0,0,0,0,0,0,0,0,0,0,0,0,0,0,0,0,0,0,0,0,0,0,0,0,0,0,0,0
0,0,0,0,0,0,0,0,0,0,0,0,0,0,0,7,19,19,19,12,a,2,3,3,2,1,20,20,21,2f,31,31,31,31,33,3e,46,46,46,46,46,49,8c,8f,a0,a1,a5,a5,a4,a4,a4,a5,a5,a5,a1,a1,a0,8f,49,47,46,46,46,38,20,26,26,0,20,37,21,20,20,5,5,a,b,c,e,b,8,0,0,0,0,0,0,0,0,0,0,0,0,0,0,0,0,0,0,0,0,0,0,0,0,0,0,0,0,0,0,0,0,0,0,0,0,0,0,0,0,0,0,0,0,0,0,0,0,0,0,0,0,0,0,0,0,0,0,0,0,0,0,0,0,0,0,0,0,0,0,0,0,0,0,0,0,0,0,0,0,0,0,0,0,0,0,0,0,0,0,0,0,0,0,0,0,0,0,0,0,0,0,0,0,0,0,0,0,0,0,0,0,0,0,0,0,0,0,0,0,0,0,0,0,0,0,0,0,0,0,0,0,0,0,0,0,0,0,0,0,0,0,0,0,0,0,0,0,0,0,0,0,0,0,0,0,0,0,0
0,0,0,0,0,0,0,0,0,0,0,0,0,0,0,11,19,1d,19,12,1,2a,38,38,2b,4b,3b,5,5,23,34,4e,19,19,19,37,3f,46,49,8f,a1,a2,c9,c9,c0,c9,cb,cb,cb,c2,c2,c2,c5,c1,c1,c1,a2,ca,a4,a1,a0,8c,49,46,46,3f,22,0,6,7,37,20,33,2f,2f,21,6,1a,19,19,7,0,0,0,0,0,0,0,0,0,0,0,0,0,0,0,0,0,0,0,0,0,0,0,0,0,0,0,0,0,0,0,0,0,0,0,0,0,0,0,0,0,0,0,0,0,0,0,0,0,0,0,0,0,0,0,0,0,0,0,0,0,0,0,0,0,0,0,0,0,0,0,0,0,0,0,0,0,0,0,0,0,0,0,0,0,0,0,0,0,0,0,0,0,0,0,0,0,0,0,0,0,0,0,0,0,0,0,0,0,0,0,0,0,0,0,0,0,0,0,0,0,0,0,0,0,0,0,0,0,0,0,0,0,0,0,0,0,0,0,0,0,0,0,0,0,0,0,0,0,0,0,0,0,0,0,0,0,0,0
0,0,0,0,0,0,0,0,0,0,0,0,0,0,0,11,19,19,19,6,27,38,38,38,3c,2b,1,6,50,4c,5,6,14,51,40,46,8c,a0,a4,a2,ae,b6,d7,d7,d3,be,b5,b5,ba,ba,b9,d5,d5,d4,dd,da,df,af,ae,c6,cc,a2,a1,8f,49,46,47,38,2,13,13,10,20,31,40,40,34,11,19,19,7,0,0,0,0,0,0,0,0,0,0,0,0,0,0,0,0,0,0,0,0,0,0,0,0,0,0,0,0,0,0,0,0,0,0,0,0,0,0,0,0,0,0,0,0,0,0,0,0,0,0,0,0,0,0,0,0,0,0,0,0,0,0,0,0,0,0,0,0,0,0,0,0,0,0,0,0,0,0,0,0,0,0,0,0,0,0,0,0,0,0,0,0,0,0,0,0,0,0,0,0,0,0,0,0,0,0,0,0,0,0,0,0,0,0,0,0,0,0,0,0,0,0,0,0,0,0,0,0,0,0,0,0,0,0,0,0,0,0,0,0,0,0,0,0,0,0,0,0,0,0,0,0,0,0,0,0,0,0,0
0,0,0,0,0,0,0,0,0,0,0,0,0,0,0,6,14,13,5,21,3e,3f,3f,32,30,4d,4d,c,b,9,3,45,45,48,8c,a1,a4,c9,b3,e3,dc,de,de,d7,bc,b6,bd,bd,bc,d5,d5,d5,d5,d5,d5,be,be,b7,b7,b3,b3,c3,c4,cb,a1,a0,48,47,47,1a,1d,19,13,20,33,40,3e,21,11,19,6,0,0,0,0,0,0,0,0,0,0,0,0,0,0,0,0,0,0,0,0,0,0,0,0,0,0,0,0,0,0,0,0,0,0,0,0,0,0,0,0,0,0,0,0,0,0,0,0,0,0,0,0,0,0,0,0,0,0,0,0,0,0,0,0,0,0,0,0,0,0,0,0,0,0,0,0,0,0,0,0,0,0,0,0,0,0,0,0,0,0,0,0,0,0,0,0,0,0,0,0,0,0,0,0,0,0,0,0,0,0,0,0,0,0,0,0,0,0,0,0,0,0,0,0,0,0,0,0,0,0,0,0,0,0,0,0,0,0,0,0,0,0,0,0,0,0,0,0,0,0,0,0,0,0,0,0,0,0,0
0,0,0,0,0,0,0,0,0,0,0,0,0,0,0,5,5,0,21,31,3e,3e,33,2f,30,d,b,3,2e,2e,45,48,8c,a1,cd,cc,ae,bc,de,d8,d9,d9,d9,d5,d3,d3,d2,bb,d4,d4,d6,d5,d5,d5,b9,b9,b4,bf,bf,bf,b4,b4,bf,c7,e6,ca,a1,8f,47,47,18,1d,1a,5,31,3e,3e,3e,2f,20,0,0,0,0,0,0,0,0,0,0,0,0,0,0,0,0,0,0,0,0,0,0,0,0,0,0,0,0,0,0,0,0,0,0,0,0,0,0,0,0,0,0,0,0,0,0,0,0,0,0,0,0,0,0,0,0,0,0,0,0,0,0,0,0,0,0,0,0,0,0,0,0,0,0,0,0,0,0,0,0,0,0,0,0,0,0,0,0,0,0,0,0,0,0,0,0,0,0,0,0,0,0,0,0,0,0,0,0,0,0,0,0,0,0,0,0,0,0,0,0,0,0,0,0,0,0,0,0,0,0,0,0,0,0,0,0,0,0,0,0,0,0,0,0,0,0,0,0,0,0,0,0,0,0,0,0,0,0,0,0
0,0,0,0,0,0,0,0,0,0,0,0,0,0,0,0,27,27,31,33,3e,31,21,5,4a,c,3,47,48,47,49,8f,c9,af,af,e4,e4,b5,ba,bf,b9,b9,b9,d6,de,dc,d7,d3,d6,d8,d8,d8,dc,dc,dc,dc,d9,d8,d8,d9,e5,e5,ba,b0,bb,e0,a3,cd,a0,48,3d,3d,2d,4d,3b,21,31,40,3e,31,21,0,0,0,0,0,0,0,0,0,0,0,0,0,0,0,0,0,0,0,0,0,0,0,0,0,0,0,0,0,0,0,0,0,0,0,0,0,0,0,0,0,0,0,0,0,0,0,0,0,0,0,0,0,0,0,0,0,0,0,0,0,0,0,0,0,0,0,0,0,0,0,0,0,0,0,0,0,0,0,0,0,0,0,0,0,0,0,0,0,0,0,0,0,0,0,0,0,0,0,0,0,0,0,0,0,0,0,0,0,0,0,0,0,0,0,0,0,0,0,0,0,0,0,0,0,0,0,0,0,0,0,0,0,0,0,0,0,0,0,0,0,0,0,0,0,0,0,0,0,0,0,0,0,0,0,0,0,0,0
0,0,0,0,0,0,0,0,0,0,0,0,0,0,0,1,2a,27,2f,31,21,20,11,14,19,50,47,45,48,8c,a0,ca,b2,de,de,d3,b2,b0,b1,b5,b7,be,d5,dc,de,dc,d5,d5,d8,b9,d8,d6,d6,d6,d7,d7,d7,dc,d6,bc,b2,b0,ba,e5,d7,b2,e4,c0,a4,a4,8f,47,45,2d,4d,15,0,21,3e,33,20,0,0,0,0,0,0,0,0,0,0,0,0,0,0,0,0,0,0,0,0,0,0,0,0,0,0,0,0,0,0,0,0,0,0,0,0,0,0,0,0,0,0,0,0,0,0,0,0,0,0,0,0,0,0,0,0,0,0,0,0,0,0,0,0,0,0,0,0,0,0,0,0,0,0,0,0,0,0,0,0,0,0,0,0,0,0,0,0,0,0,0,0,0,0,0,0,0,0,0,0,0,0,0,0,0,0,0,0,0,0,0,0,0,0,0,0,0,0,0,0,0,0,0,0,0,0,0,0,0,0,0,0,0,0,0,0,0,0,0,0,0,0,0,0,0,0,0,0,0,0,0,0,0,0,0,0,0,0,0
0,0,0,0,0,0,0,0,0,0,0,0,0,0,0,1,2,2,0,5,11,19,19,19,19,4a,3c,48,8f,a1,cc,e6,ba,bf,b4,b0,d5,e3,e2,d1,e0,d1,bb,e2,e1,b4,b4,ba,be,be,be,bc,bc,bc,bc,bc,e2,bc,b6,d2,e3,e5,d3,b2,e5,d9,b0,bc,e2,c1,a1,a0,49,45,2d,1a,1a,14,5,39,0,0,0,0,0,0,0,0,0,0,0,0,0,0,0,0,0,0,0,0,0,0,0,0,0,0,0,0,0,0,0,0,0,0,0,0,0,0,0,0,0,0,0,0,0,0,0,0,0,0,0,0,0,0,0,0,0,0,0,0,0,0,0,0,0,0,0,0,0,0,0,0,0,0,0,0,0,0,0,0,0,0,0,0,0,0,0,0,0,0,0,0,0,0,0,0,0,0,0,0,0,0,0,0,0,0,0,0,0,0,0,0,0,0,0,0,0,0,0,0,0,0,0,0,0,0,0,0,0,0,0,0,0,0,0,0,0,0,0,0,0,0,0,0,0,0,0,0,0,0,0,0,0,0,0,0,0,0,0,0
0,0,0,0,0,0,0,0,0,0,0,0,0,0,0,5,11,11,7,5,20,11,19,1d,1d,3c,48,8f,a1,cc,c1,ae,ba,b4,ba,d9,de,bc,bb,dd,d1,d1,bb,b8,c4,c3,ba,bf,d5,d3,b8,b3,b6,bc,be,b7,e0,e0,bb,bc,d3,d3,da,bc,b0,bf,d9,d4,dd,df,c5,c9,a0,8c,3d,16,1d,19,7,0,0,20,20,20,1,1,8,8,0,20,20,20,0,5,5,5,0,0,0,0,0,0,0,0,0,0,0,0,0,0,0,0,0,0,0,0,0,0,0,0,0,0,0,0,0,0,0,0,0,0,0,0,0,0,0,0,0,0,0,0,0,0,0,0,0,0,0,0,0,0,0,0,0,0,0,0,0,0,0,0,0,0,0,0,0,0,0,0,0,0,0,0,0,0,0,0,0,0,0,0,0,0,0,0,0,0,0,0,0,0,0,0,0,0,0,0,0,0,0,0,0,0,0,0,0,0,0,0,0,0,0,0,0,0,0,0,0,0,0,0,0,0,0,0,0,0,0,0,0,0,0,0,0,0,0,0,0,0,0,0
0,0,0,0,0,0,0,0,0,0,0,0,0,0,0,7,19,1d,11,2b,46,46,19,19,45,48,a0,a2,cb,c2,c8,b2,bc,bc,bb,d2,de,de,d7,d2,dd,da,b6,b8,c6,c1,b4,d9,d9,d7,c5,c5,d1,db,bf,bf,d1,d1,d2,d8,d8,d8,d2,b8,c2,c2,b5,d2,dd,dd,d6,c7,c9,a1,49,3c,6,14,25,21,21,21,2f,30,3,2d,e,b,1,20,21,21,20,6,7,7,5,0,0,0,0,0,0,0,0,0,0,0,0,0,0,0,0,0,0,0,0,0,0,0,0,0,0,0,0,0,0,0,0,0,0,0,0,0,0,0,0,0,0,0,0,0,0,0,0,0,0,0,0,0,0,0,0,0,0,0,0,0,0,0,0,0,0,0,0,0,0,0,0,0,0,0,0,0,0,0,0,0,0,0,0,0,0,0,0,0,0,0,0,0,0,0,0,0,0,0,0,0,0,0,0,0,0,0,0,0,0,0,0,0,0,0,0,0,0,0,0,0,0,0,0,0,0,0,0,0,0,0,0,0,0,0,0,0,0,0,0,0,0,0
0,0,0,0,0,0,0,0,0,0,0,0,0,0,0,7,19,19,4a,38,47,46,4d,16,47,8f,a2,c8,c7,b5,b8,bd,b6,d1,d1,d2,d9,d9,d8,d2,dd,da,d3,be,c6,c5,d8,d9,d9,d6,b3,c5,d1,d5,bf,bf,d1,af,d4,d9,bf,bf,bc,bd,c3,c3,b8,bb,d2,d7,d8,bf,c2,a2,a0,48,46,5,21,3e,21,21,31,30,3,2d,e,e,2,20,21,2f,20,6,11,7,5,0,0,0,0,0,0,0,0,0,0,0,0,0,0,0,0,0,0,0,0,0,0,0,0,0,0,0,0,0,0,0,0,0,0,0,0,0,0,0,0,0,0,0,0,0,0,0,0,0,0,0,0,0,0,0,0,0,0,0,0,0,0,0,0,0,0,0,0,0,0,0,0,0,0,0,0,0,0,0,0,0,0,0,0,0,0,0,0,0,0,0,0,0,0,0,0,0,0,0,0,0,0,0,0,0,0,0,0,0,0,0,0,0,0,0,0,0,0,0,0,0,0,0,0,0,0,0,0,0,0,0,0,0,0,0,0,0,0,0,0,0,0,0
0,0,0,0,0,0,0,0,0,0,0,0,0,0,0,0,23,5,50,3,2d,4,3d,45,8f,a2,e5,bc,b9,bf,bc,d3,b7,b8,c5,c4,bf,bf,ba,d2,da,da,db,db,da,d1,d5,bf,bf,b9,bc,b8,c4,b5,bf,d9,b3,c5,d8,bf,ba,c7,d3,d3,bc,bc,d5,b9,bf,bf,d8,d8,b8,e6,ca,a0,48,2d,27,41,5,5,21,21,2,3,9,9,2,20,21,20,20,6,6,6,5,0,0,0,0,0,0,0,0,0,0,0,0,0,0,0,0,0,0,0,0,0,0,0,0,0,0,0,0,0,0,0,0,0,0,0,0,0,0,0,0,0,0,0,0,0,0,0,0,0,0,0,0,0,0,0,0,0,0,0,0,0,0,0,0,0,0,0,0,0,0,0,0,0,0,0,0,0,0,0,0,0,0,0,0,0,0,0,0,0,0,0,0,0,0,0,0,0,0,0,0,0,0,0,0,0,0,0,0,0,0,0,0,0,0,0,0,0,0,0,0,0,0,0,0,0,0,0,0,0,0,0,0,0,0,0,0,0,0,0,0,0,0,0
0,0,0,0,0,0,0,0,0,0,0,0,0,0,0,21,40,3e,20,4d,f,4,47,49,a1,cb,da,af,dc,d8,b2,d5,be,b5,b8,b5,ba,ba,ba,bc,da,da,db,db,da,d1,b9,bf,b4,b4,d9,d5,c3,c3,d9,d9,b6,b3,ba,bf,c8,c7,d5,db,dd,db,dc,bf,bf,bf,d8,d5,bc,e4,af,ca,8f,47,3c,9,7,7,5,0,1,2,2,2,1,0,0,5,5,5,5,5,0,0,0,0,0,0,0,0,0,0,0,0,0,0,0,0,0,0,0,0,0,0,0,0,0,0,0,0,0,0,0,0,0,0,0,0,0,0,0,0,0,0,0,0,0,0,0,0,0,0,0,0,0,0,0,0,0,0,0,0,0,0,0,0,0,0,0,0,0,0,0,0,0,0,0,0,0,0,0,0,0,0,0,0,0,0,0,0,0,0,0,0,0,0,0,0,0,0,0,0,0,0,0,0,0,0,0,0,0,0,0,0,0,0,0,0,0,0,0,0,0,0,0,0,0,0,0,0,0,0,0,0,0,0,0,0,0,0,0,0,0,0,0,0
0,0,0,0,0,0,0,0,0,0,0,0,0,0,0,21,40,40,20,4d,1b,3d,49,a0,c9,e0,da,e3,e5,b1,b0,d8,b9,b9,d3,d6,bf,bf,ba,b8,c5,c4,c7,c7,b3,bc,d8,d8,ba,b9,de,dc,b8,b8,d9,de,d2,bc,ba,ba,b5,bc,d7,db,dd,dd,d9,bf,bf,bf,b5,b8,e2,af,dd,e5,a2,8c,48,e,13,13,11,6,20,20,21,27,0,6,7,7,6,0,20,20,0,0,0,0,0,0,0,0,0,0,0,0,0,0,0,0,0,0,0,0,0,0,0,0,0,0,0,0,0,0,0,0,0,0,0,0,0,0,0,0,0,0,0,0,0,0,0,0,0,0,0,0,0,0,0,0,0,0,0,0,0,0,0,0,0,0,0,0,0,0,0,0,0,0,0,0,0,0,0,0,0,0,0,0,0,0,0,0,0,0,0,0,0,0,0,0,0,0,0,0,0,0,0,0,0,0,0,0,0,0,0,0,0,0,0,0,0,0,0,0,0,0,0,0,0,0,0,0,0,0,0,0,0,0,0,0,0,0,0,0,0,0,0,0
0,0,0,0,0,0,0,0,0,0,0,0,0,0,0,21,3e,3e,37,c,18,47,a0,cd,e4,af,d1,e4,af,b8,e3,d5,bf,d8,d7,de,d9,d9,be,b8,c0,c6,c4,c4,c5,b3,d8,d9,ba,e1,de,de,d3,bc,de,de,d4,be,b5,c3,b6,d2,d7,db,da,d1,b4,bf,bf,bf,c3,c5,e0,d1,df,bb,e6,a1,49,4,c,14,14,11,20,21,31,2f,0,7,13,13,6,0,21,21,20,0,0,0,0,0,0,0,0,0,0,0,0,0,0,0,0,0,0,0,0,0,0,0,0,0,0,0,0,0,0,0,0,0,0,0,0,0,0,0,0,0,0,0,0,0,0,0,0,0,0,0,0,0,0,0,0,0,0,0,0,0,0,0,0,0,0,0,0,0,0,0,0,0,0,0,0,0,0,0,0,0,0,0,0,0,0,0,0,0,0,0,0,0,0,0,0,0,0,0,0,0,0,0,0,0,0,0,0,0,0,0,0,0,0,0,0,0,0,0,0,0,0,0,0,0,0,0,0,0,0,0,0,0,0,0,0,0,0,0,0,0,0,0
0,0,0,0,0,0,0,0,0,0,0,0,0,0,0,20,30,20,1d,8,45,8c,a1,e6,c8,b3,c5,af,af,e4,e3,d3,b9,b9,d7,de,de,de,d2,b3,c5,e4,df,d2,c1,c2,d3,d5,e1,c7,e1,d7,db,d2,db,d4,e4,c8,c2,c3,d2,dd,db,e2,e0,c5,c2,c2,bf,d5,b3,c5,af,e2,b6,bc,d1,cb,8f,47,2d,11,19,14,6,2f,3e,33,0,13,19,14,6,20,2f,21,20,0,0,0,0,0,0,0,0,0,0,0,0,0,0,0,0,0,0,0,0,0,0,0,0,0,0,0,0,0,0,0,0,0,0,0,0,0,0,0,0,0,0,0,0,0,0,0,0,0,0,0,0,0,0,0,0,0,0,0,0,0,0,0,0,0,0,0,0,0,0,0,0,0,0,0,0,0,0,0,0,0,0,0,0,0,0,0,0,0,0,0,0,0,0,0,0,0,0,0,0,0,0,0,0,0,0,0,0,0,0,0,0,0,0,0,0,0,0,0,0,0,0,0,0,0,0,0,0,0,0,0,0,0,0,0,0,0,0,0,0,0,0,0
0,0,0,0,0,0,0,0,0,0,0,0,0,0,0,0,28,7,19,3f,48,a0,e6,ae,cb,cd,cd,cd,ca,c9,c3,c7,c7,b7,db,dd,dd,d2,c1,c9,cc,e7,e6,e6,ca,ca,bd,d2,c7,c8,c6,c5,d2,d2,d4,b2,cc,cd,ca,c6,d2,dd,e4,cb,cb,cb,cd,cd,cb,e4,b8,bd,e4,af,e6,e6,e0,c6,a4,49,45,2,14,19,7,2f,3e,3e,0,13,19,19,8,20,31,31,20,0,0,0,0,0,0,0,0,0,0,0,0,0,0,0,0,0,0,0,0,0,0,0,0,0,0,0,0,0,0,0,0,0,0,0,0,0,0,0,0,0,0,0,0,0,0,0,0,0,0,0,0,0,0,0,0,0,0,0,0,0,0,0,0,0,0,0,0,0,0,0,0,0,0,0,0,0,0,0,0,0,0,0,0,0,0,0,0,0,0,0,0,0,0,0,0,0,0,0,0,0,0,0,0,0,0,0,0,0,0,0,0,0,0,0,0,0,0,0,0,0,0,0,0,0,0,0,0,0,0,0,0,0,0,0,0,0,0,0,0,0,0,0
0,0,0,0,0,0,0,0,0,0,0,0,0,0,0,0,0,6,19,40,8f,a4,c1,cb,ee,fe,ef,f0,f0,ef,eb,ce,ca,b3,df,dd,e0,a3,e8,ed,f0,f0,ed,ed,eb,ce,c0,e4,c2,ea,eb,a4,ae,e2,d3,cb,ef,f0,ce,a3,e5,b8,a2,eb,eb,cd,ce,ee,ed,a4,c5,dd,d1,c6,e8,ed,e7,c6,ca,a1,48,45,15,1d,14,21,40,3e,0,13,1a,1a,8,21,31,2f,36,0,0,39,0,0,0,0,0,43,35,0,0,3b,3b,0,0,0,0,0,3b,55,0,3b,28,0,0,3b,35,0,0,28,0,0,0,0,0,0,0,0,0,39,28,0,52,0,0,24,24,0,0,0,0,0,0,0,4b,0,24,43,0,39,0,52,0,0,0,0,0,0,0,0,0,4b,0,0,39,24,0,35,35,0,0,0,4b,24,0,4f,3b,28,0,39,0,28,3b,0,24,0,28,0,43,0,39,0,0,0,0,0,0,0,0,0,0,28,24,0,0,0,28,0,39,0,0,3b,0,0,24,4f,0,0,0,0,0,0,0,0,0,0,0,0,0,0,0,0
0,0,0,0,0,0,0,0,0,0,0,0,0,0,0,0,42,6,7,46,a0,c0,e4,c9,f0,f0,ce,ce,ce,e9,ed,ef,ea,ca,d1,d1,c9,ea,ee,ed,e9,ce,e8,eb,ee,ed,e8,a3,c9,ea,ee,a5,c9,b8,c4,e7,fe,fe,e9,c9,bd,c5,a5,ee,ea,a4,ce,ef,fe,e9,a3,dd,d1,c6,ce,ef,e8,c6,e6,a2,8c,45,f,19,19,21,40,3e,0,12,1a,17,2,21,2f,21,21,28,0,0,43,0,0,55,39,0,0,55,55,0,0,39,28,57,0,39,4b,0,39,0,39,0,0,0,0,4b,43,0,24,24,24,24,24,24,24,24,0,0,24,57,0,0,28,28,0,0,0,0,0,0,0,0,0,52,0,0,57,0,0,0,0,0,0,0,0,0,0,0,39,0,28,0,39,43,0,0,4f,0,0,0,0,3b,35,0,0,0,0,28,0,0,0,0,39,0,0,0,54,0,28,0,24,24,24,24,24,24,24,24,0,24,3b,3b,3b,43,28,0,0,0,0,28,35,52,39,0,0,0,0,0,0,0,0,0,0,0,0,0,0,0,0,0
0,0,0,0,0,0,0,0,0,0,0,0,0,0,0,5,4a,5,2a,8c,a4,c5,da,c0,f0,ec,a4,cc,ca,a2,e7,ea,f0,e9,c6,c6,ce,f0,eb,cd,c9,ae,c5,ae,e7,eb,ed,a4,c9,e8,f0,e9,c9,b3,c9,ea,fe,fe,eb,cd,af,c1,ce,f0,e8,a4,ce,fe,f0,f0,e8,c0,d1,c1,ce,f0,e8,c0,e4,cb,a0,48,48,17,19,11,3e,3e,0,15,1a,16,2a,2f,21,20,0,0,28,28,0,0,0,0,0,39,35,0,0,28,3b,0,0,0,55,0,0,3b,0,3b,0,0,28,0,0,43,0,0,0,0,0,0,0,0,0,0,3b,0,0,4b,0,55,35,0,0,0,0,0,24,24,24,0,0,52,0,0,4b,35,3b,55,0,0,0,0,0,0,0,0,43,0,3b,0,0,3b,0,4b,0,0,35,4b,0,0,4f,0,4f,24,43,35,43,35,0,3b,0,0,3b,0,24,0,35,0,0,0,0,0,0,0,0,0,55,0,0,0,28,0,0,35,43,3b,39,0,0,0,4b,0,0,0,0,0,0,0,0,0,0,0,0,0,0,0,0,0
0,0,0,0,0,0,0,0,0,0,0,0,0,0,0,0,5,3c,45,a0,ca,d1,d1,cb,ef,eb,ca,d1,af,af,b3,ca,f0,ee,ca,ca,ed,f0,cd,a2,d1,dd,da,d1,ae,e8,ee,e9,c9,ca,f0,ec,c9,c5,ca,eb,ed,ec,ee,cd,af,c1,e9,f0,cd,a4,ce,fe,e9,ed,ed,ca,c1,c9,ce,f0,e8,a3,b2,c8,a2,8c,47,16,19,19,33,3e,0,15,16,e,2b,2f,20,6,4c,0,0,0,0,55,55,0,24,0,0,43,39,0,0,28,55,3b,0,0,0,39,57,0,0,24,0,3b,35,43,0,4b,28,28,28,28,28,28,28,28,0,55,43,0,39,0,0,43,0,0,0,24,24,24,0,0,24,0,28,3b,0,3b,0,0,0,0,0,0,0,0,0,0,24,0,24,28,0,0,43,0,24,28,0,52,28,0,24,35,55,0,0,0,24,0,0,0,0,3b,57,0,0,0,0,0,28,28,28,28,28,28,28,28,0,39,55,0,0,35,43,0,0,0,0,39,0,0,28,35,0,0,0,0,0,0,0,0,0,0,0,0,0,0,0,0
0,0,0,0,0,0,0,0,0,0,0,0,0,0,0,1,27,45,49,a5,c0,d1,d1,c6,ee,eb,c0,af,d1,df,e5,cc,ec,fe,cc,cc,f0,e9,ca,e2,bb,dd,af,dd,e4,ca,ef,ed,c9,c0,ed,ef,c9,c1,cd,ee,e8,ce,ef,ce,c1,c1,ed,ed,ca,cd,ce,f0,e8,ce,ef,e9,ca,ca,ce,ef,e8,c5,b2,c8,cc,8f,47,18,19,19,33,33,0,e,f,2d,38,31,6,11,4c,0,0,55,24,0,0,0,0,57,59,8d,8d,59,55,0,0,0,0,55,39,0,3b,0,0,58,0,0,0,0,0,52,0,0,0,0,0,0,0,0,39,0,0,28,28,57,3b,0,24,24,24,24,24,0,0,0,0,3b,3b,28,3b,0,4b,54,0,0,0,0,0,0,0,0,0,54,0,55,39,0,58,0,43,54,0,0,4b,28,0,28,0,0,4b,39,28,0,57,28,4b,0,0,3b,4f,3b,0,55,0,0,0,0,0,0,0,0,35,0,0,28,4b,24,0,0,55,35,28,35,24,35,28,0,0,0,0,0,0,0,0,0,0,0,0,0,0,0,0,0
0,0,0,0,0,0,0,0,0,0,0,0,0,0,0,1,45,47,a0,ca,b3,d2,e2,a3,ee,eb,c6,dd,df,bb,d2,c9,e9,fe,e8,e7,f0,e9,cb,bb,d6,bc,da,ae,af,cc,ee,f0,c6,c1,e9,ef,cd,ca,e8,ee,cc,ca,ef,e9,ca,cc,ee,e9,c9,c9,ce,ef,e8,a4,e9,ee,ce,a5,ce,ee,e8,e4,b3,b8,c6,a1,48,2e,19,19,21,33,20,b,2d,2d,38,31,11,14,6,57,35,0,43,0,57,a7,ad,f6,ff,fa,fa,ff,f5,ad,9e,57,39,0,0,3b,0,4b,39,ac,f1,f5,f5,f5,f2,f1,f2,f2,f2,f2,f2,f2,f2,f2,f2,f2,f2,f1,35,0,0,0,28,28,24,0,0,0,0,24,90,ac,ad,ab,ac,59,0,0,0,0,0,0,0,0,0,0,0,35,0,a7,f5,f5,f1,a6,0,0,3b,0,35,4f,0,0,4b,39,0,0,39,8e,f1,f5,f5,9e,35,0,0,0,3b,9e,f2,f2,f2,f2,f2,f2,f2,f2,f2,f1,ad,ab,a6,59,35,28,0,0,39,0,0,24,43,0,0,0,0,0,0,0,0,0,0,0,0,0,0,0,0,0
0,0,0,0,0,0,0,0,0,0,0,0,0,0,0,2,3c,48,a1,b3,b9,d9,b6,c9,ef,eb,c9,b8,b7,b0,be,cb,e9,f0,e7,e8,f0,e9,cb,b2,c8,ae,e4,e3,df,c0,ec,ef,c9,c1,ce,ee,ea,a5,eb,eb,c1,c0,ed,ef,a5,e8,ef,ce,c5,c0,ce,ef,ea,c0,cd,eb,eb,ce,ce,ed,e7,e4,b2,bd,d1,a2,8c,2e,1d,19,20,3e,20,9,4,4,38,31,13,19,56,0,39,55,0,9e,f2,fd,fc,fa,fa,ff,ff,ff,fb,f8,ff,ad,8d,28,0,28,57,0,0,f5,ff,ff,f9,f6,fd,ff,fc,fc,fc,fc,fc,fc,fc,fc,fd,f9,ff,ff,0,24,55,4b,24,0,0,0,0,24,39,3b,ab,ff,ff,fc,ff,9f,0,4b,0,0,0,0,0,0,0,0,0,3b,4b,aa,f8,fb,ff,f5,59,0,4f,4b,0,43,0,28,0,0,0,24,3b,90,fc,ff,ff,9e,0,35,4b,0,4f,a6,fc,fc,fc,fc,fc,fc,fc,fc,fb,ff,ff,f5,ff,ff,f1,a7,58,0,0,28,39,24,0,0,0,0,0,0,0,0,0,0,0,0,0,0,0,0,0,0
0,0,0,0,0,0,0,0,0,0,0,0,0,0,0,2a,4,49,c9,d3,b1,e3,ae,cc,ef,eb,ca,c5,c7,ba,be,a3,e9,f0,cd,cd,ef,eb,a2,c8,b0,e5,e0,af,ae,cd,fe,ec,a3,c6,a4,ed,eb,a5,ef,e9,c6,c0,e9,fe,a5,e9,ee,a4,af,af,ce,f0,e8,c1,c9,ce,f0,e9,e9,ee,e8,b8,af,e0,af,cc,8f,3d,56,1d,20,41,0,9,2d,2d,38,30,11,14,6,57,0,0,a6,f5,ff,fc,ff,ff,f6,f2,f5,ff,ff,fb,fd,ff,f2,90,0,0,0,43,0,f5,f6,fd,ff,fc,ff,ff,ff,ff,ff,ff,ff,ff,ff,ff,ff,fb,fd,f9,35,0,24,0,0,0,0,0,0,28,43,52,f8,fb,f6,ff,fc,ad,0,3b,0,0,0,0,0,0,0,0,4b,0,0,aa,ff,ff,ff,fc,ab,4f,0,28,0,52,0,39,39,4f,0,0,0,8e,ff,f8,ff,9f,0,35,0,0,39,9f,ff,ff,ff,ff,ff,ff,ff,ff,f9,fd,ff,ff,fc,fa,fb,ff,f5,9f,0,0,4f,0,0,4b,0,0,0,0,0,0,0,0,0,0,0,0,0,0,0,0
0,0,0,0,0,0,0,0,0,0,0,0,0,0,0,3,3d,8f,c6,dd,d3,dc,da,c6,ef,ee,ca,af,e0,e0,e0,c9,ed,eb,a4,a4,ed,ed,cd,c0,da,d1,d1,c6,a4,e9,ee,e8,c0,c6,ca,ea,ef,ce,fe,ce,c1,c6,a5,f0,e9,ed,eb,a4,c5,a3,ce,f0,e8,c0,c6,a2,e9,fe,e9,f0,e8,c0,ae,e5,b8,a3,a0,48,4,1a,21,3e,6,c,9,3,2b,2b,20,0,0,3b,0,8d,ff,f6,ff,fa,ab,8e,3b,24,43,59,a7,f9,fd,ff,f6,f5,55,55,0,0,4b,55,57,58,57,57,57,57,90,ff,fd,ff,a6,57,58,57,58,58,58,55,3b,0,0,0,0,57,0,0,0,0,0,9f,fb,ff,ff,f9,ff,ff,59,39,4f,0,0,43,0,55,24,0,0,0,28,aa,fb,ff,ff,f9,fd,9f,0,4f,24,0,0,0,0,24,24,0,0,90,fc,ff,ff,9e,28,0,28,0,0,9f,fd,ff,ff,90,57,57,58,57,57,59,8e,9f,ac,f5,ff,f9,f9,ff,ab,0,0,55,0,0,0,0,0,0,0,0,0,0,0,0,0,0,0,0,0,0
0,0,0,0,0,0,0,0,0,0,0,0,0,0,0,2d,47,a0,c6,df,bc,d3,d1,c9,ef,ec,a4,cc,c9,a2,cd,ea,ee,e8,c9,a2,e8,ed,ed,a4,a3,c5,cb,a2,ce,ee,eb,cd,c1,c6,c9,e8,f0,ec,ee,cd,c5,c5,cd,ed,ec,fe,e8,cc,c5,a3,ce,ef,e8,c9,c5,c5,a5,ee,fe,fe,e8,cb,e4,af,b8,cb,a1,49,45,17,33,33,6,11,9,3,2a,2a,2f,21,20,0,43,ac,f9,ff,ff,a6,52,0,0,0,0,0,4b,8d,f2,ff,fd,ff,aa,0,4b,24,0,24,3b,4b,3b,39,39,3b,90,fc,f9,fa,9f,28,3b,35,0,24,39,28,0,0,24,35,0,24,0,52,0,24,4f,ad,ff,f8,f6,ff,fc,f6,aa,0,0,0,0,52,0,28,0,39,28,0,0,aa,ff,f6,fd,ff,f8,f8,58,0,24,0,0,0,0,24,24,0,0,90,fc,ff,ff,9e,28,0,28,0,0,9f,fb,fc,fd,8e,39,24,39,24,52,0,0,0,0,58,a7,fa,ff,f6,ff,ab,28,0,39,55,0,0,0,0,0,0,0,0,0,0,0,0,0,0,0,0
0,0,0,0,0,0,0,0,0,0,0,0,0,0,0,3c,48,a1,c5,df,be,b5,c5,a4,fe,fe,ce,e8,e9,e9,ee,f0,e8,c9,e0,d1,a3,e8,ee,ee,e9,ce,e9,ec,fe,ed,e7,af,e0,af,ae,cc,f0,fe,ea,c9,e0,ae,c0,ea,fe,fe,ca,ae,dd,ae,ce,ed,e8,a3,d1,e0,ca,e8,f0,ef,e8,c0,e0,db,b2,e6,a4,49,45,c,44,21,6,7,b,3,2a,2a,21,21,54,0,55,fd,f9,ff,ad,39,0,24,55,39,28,4f,0,0,9e,f8,fc,fb,f5,28,0,0,0,0,24,0,0,0,0,0,8e,ff,fc,fb,9f,0,0,0,0,0,0,0,0,0,0,35,43,0,0,52,0,0,8d,fb,ff,f8,ab,f2,ff,fb,f2,0,0,28,0,43,0,0,0,39,0,0,0,aa,ff,f9,ff,f5,fb,fc,ab,3b,0,24,57,0,0,24,24,0,0,90,fc,ff,ff,9e,28,0,28,0,0,9f,fc,ff,fc,8d,0,0,0,0,0,0,24,55,28,0,52,8d,f1,ff,fc,ff,a7,0,52,0,0,0,0,0,0,0,0,0,0,0,0,0,0,0,0,0
0,0,0,0,0,0,0,0,0,0,0,0,0,0,0,3c,48,a4,af,e3,b1,b5,c5,ca,ef,fe,ef,ee,ef,ee,eb,ce,cd,c5,af,da,c6,ca,ce,ed,ee,f0,fe,ee,e9,ce,ae,dd,e3,e2,d2,e6,eb,ed,e8,e6,e2,e0,cb,e8,ed,ed,c9,dd,da,b6,e8,eb,ea,e6,da,af,c9,a4,eb,ed,ea,c8,b6,d3,b2,e6,ca,8c,45,a,40,2f,6,7,a,2,2,27,21,20,0,35,8d,ff,ff,fd,a6,0,24,0,24,0,0,0,0,24,24,f2,f6,f2,f2,59,0,55,28,28,28,24,0,0,0,0,8e,ff,ff,ff,9f,0,35,35,28,35,35,28,0,0,0,0,3b,0,0,0,0,0,a7,ff,ff,f9,8d,a7,ff,ff,f9,8e,35,52,0,0,0,0,39,0,0,0,24,aa,ff,ff,ff,aa,ff,f8,ff,90,24,43,0,35,0,24,24,0,0,90,fc,ff,ff,9e,28,0,28,0,0,9f,ff,ff,ff,8d,24,0,39,24,4f,54,39,0,0,4f,3b,0,8e,f2,f9,fc,f8,8d,0,0,0,0,0,0,0,0,0,0,0,0,0,0,0,0,0,0
0,0,0,0,0,0,0,0,0,0,0,0,0,0,0,3c,48,a5,ae,de,b4,b9,bc,c5,a4,cd,c9,c1,c8,c3,c0,a3,cb,c5,e0,e0,c5,c0,c9,c9,e6,e7,cb,c0,c9,e6,e5,af,af,b2,b7,c7,c2,e6,a3,a3,ae,b6,c5,c0,cc,cb,ae,e4,de,b0,c3,e6,ae,ae,d1,e2,c6,c9,c9,c2,ae,b2,be,b9,bc,c8,ca,8f,45,9,31,31,5,7,a,1,1,20,20,20,0,54,90,f9,ff,f6,9f,55,28,0,4b,43,39,35,0,35,0,4f,0,0,57,0,0,0,24,0,0,0,0,0,0,24,8e,fd,ff,ff,9f,0,24,28,0,0,0,0,0,0,0,24,0,0,24,0,43,4f,f1,fb,f9,f1,4f,8d,fc,fb,f6,ab,0,0,0,0,0,0,3b,0,39,0,39,aa,f6,ff,f6,59,ad,ff,f8,f2,58,0,4b,0,0,24,24,0,0,90,fc,ff,ff,9e,28,0,28,0,0,9f,fd,fd,fb,8d,0,0,35,24,0,0,0,28,0,0,0,39,0,9e,ff,f6,ff,ab,0,55,0,0,0,0,0,0,0,0,0,0,0,0,0,0,0,0
0,0,0,0,0,0,0,0,0,0,0,0,0,0,0,46,49,a5,ae,d8,bf,bf,db,e0,c6,c0,bd,d1,d2,af,dd,e5,ae,b2,e2,bd,ae,c8,c8,b3,af,d1,d1,e3,da,ae,dd,bb,de,dc,b9,e5,b2,b2,c8,c8,d5,e5,c4,c4,b2,b2,e5,b7,be,b9,ba,e5,be,e2,db,b6,ae,e6,b3,e5,dc,e3,d8,b0,d8,b8,a2,a0,45,3c,33,3e,5,7,6,8,0,0,20,20,3b,3b,8d,ff,f5,ff,ab,0,0,0,28,0,0,35,0,39,57,0,55,24,0,28,0,52,0,0,0,0,0,24,24,0,8e,fd,ff,ff,9f,0,0,0,0,0,0,0,0,0,0,0,0,0,0,0,3b,8d,ff,ff,ff,a7,24,0,f1,fc,ff,f2,55,0,43,24,0,0,24,0,43,0,35,aa,f8,fd,fa,57,59,fa,f9,fd,ac,0,0,55,0,24,24,0,0,90,fc,ff,ff,9e,28,0,28,0,0,9f,ff,ff,fc,8d,0,0,0,0,54,24,0,0,3b,39,0,0,3b,0,f1,ff,fc,fc,59,0,0,0,0,0,0,0,0,0,0,0,0,0,0,0,0,0
0,0,0,0,0,0,0,0,0,0,0,0,0,0,0,46,49,a4,b3,b9,bf,bf,e1,bb,af,af,e5,b2,d7,d7,e2,af,e3,df,af,af,c8,c8,ae,b3,e3,df,da,d1,d1,db,e3,d2,de,d5,ae,d9,d5,dc,e5,b1,d6,dc,b2,c7,e1,e3,de,ae,d6,d6,b9,b0,b1,be,bc,d4,bc,d7,b2,dc,d5,b4,b9,d9,d9,b3,c9,a0,47,3,3e,33,20,7,6,8,5,5,5,5,0,0,58,fd,ff,ff,f2,59,4f,0,24,0,35,4b,0,24,0,0,55,0,24,39,0,28,28,0,0,0,28,35,28,0,8e,ff,ff,ff,9f,0,0,0,35,28,24,24,24,0,0,0,0,39,0,0,0,aa,fd,fd,fb,8d,0,0,a6,ff,ff,f8,9e,0,39,24,0,0,0,35,0,0,0,aa,ff,ff,ff,59,0,a6,ff,fb,fd,90,35,0,0,24,24,0,0,90,fc,ff,ff,9e,28,0,28,0,0,9f,ff,ff,ff,8d,24,0,28,0,0,28,28,0,0,39,4b,35,0,24,9f,ff,fb,ff,9f,24,0,0,0,0,0,0,0,0,0,0,0,0,0,0,0,0
0,0,0,0,0,0,0,0,0,0,0,0,0,0,0,46,49,a4,c4,b9,bf,bf,e1,bb,dd,af,e5,b1,d9,be,e3,db,bb,db,de,be,b2,b1,b7,be,b6,bc,de,d2,db,de,ae,e5,b0,de,de,de,d6,d6,d3,d6,bc,dc,ba,ba,bc,d3,d4,e3,d7,d6,d9,b9,e1,b7,b2,dc,df,bb,de,dc,b1,b9,d9,b9,d9,b2,cc,a0,47,2a,46,33,20,7,6,a,5,5,6,6,26,0,35,ad,ff,fb,ff,f1,8d,4b,0,24,39,0,0,4f,3b,0,0,52,0,0,55,0,28,0,0,0,28,28,0,0,8e,fc,fb,fc,9f,0,28,24,0,0,0,0,0,24,24,24,0,52,0,0,24,f6,f9,ff,f1,0,0,55,58,f9,fb,ff,ab,55,0,0,28,4f,0,28,0,55,0,a7,ff,ff,f8,58,4f,0,ad,ff,fb,f2,58,24,0,24,24,0,0,90,fc,ff,ff,9e,28,0,28,0,0,9f,fd,ff,fd,8d,28,0,39,24,39,24,24,35,0,0,0,28,0,4f,58,f8,ff,ff,ab,0,0,0,0,0,0,0,0,0,0,0,0,0,0,0,0,0
0,0,0,0,0,0,0,0,0,0,0,0,0,0,0,46,8c,a2,c8,b9,bf,bf,b9,d2,dd,dd,d4,d5,dc,dc,db,d4,d7,d6,e1,d5,d7,d7,db,d6,e1,ba,b5,c7,c4,c2,c2,c2,b5,d5,d7,d7,d5,d6,db,db,b7,b5,bc,bc,bc,bc,db,db,d7,d6,d5,d3,b7,b8,b7,bc,d2,db,db,d4,d3,be,ba,b9,d9,b3,cc,a0,47,2a,40,33,20,7,6,a,5,5,6,6,0,4f,0,8d,f8,ff,ff,ff,fc,ac,90,54,0,3b,35,0,0,43,0,3b,4b,0,0,4f,0,0,0,0,0,0,0,0,8e,ff,ff,fc,9f,0,28,0,0,0,0,0,0,0,0,0,35,0,28,35,90,fb,fa,ff,a6,52,0,28,24,ac,ff,fb,f6,58,0,24,24,43,0,24,0,0,0,aa,fd,ff,fc,58,0,4f,59,f6,ff,fb,ab,0,39,0,43,0,4f,8e,fb,fc,ff,9e,28,0,28,0,0,9f,fd,ff,fd,8d,24,0,28,0,0,0,0,0,0,0,0,0,0,28,52,f2,f9,ff,f1,35,0,0,0,0,0,0,0,0,0,0,0,0,0,0,0,0
0,0,0,0,0,0,0,0,0,0,0,0,0,0,0,46,49,a4,c8,b9,bf,bf,b9,d3,dd,dd,d4,b9,d8,d9,d7,d4,d5,be,be,d5,d7,d7,d7,d7,be,b5,c3,c3,c3,c3,c2,c2,c7,ba,d5,d7,d4,d7,db,d7,c4,c3,bc,d3,d4,d4,d4,d4,d3,be,d3,d3,b7,b8,b8,b8,d2,dd,dd,db,d3,b7,b5,b5,d8,b3,ca,a0,47,3,40,33,20,7,6,8,5,5,5,5,4f,0,54,0,9f,f5,ff,f5,fd,fb,fd,f5,ac,9e,58,3b,35,0,58,0,0,55,0,0,0,0,0,0,0,0,0,0,8e,ff,ff,fc,9f,0,28,0,0,0,0,0,0,0,0,0,24,24,0,0,ac,ff,fa,ff,59,0,24,43,0,9f,ff,f6,fd,a6,0,0,28,0,4f,0,0,0,0,aa,fd,ff,fc,58,28,39,0,a7,f8,fc,ff,90,0,24,4b,0,57,8e,ff,fa,ff,9e,28,0,28,0,0,9f,fd,ff,fd,8d,24,0,28,0,0,0,0,0,0,0,0,0,0,39,0,ad,ff,ff,f5,3b,0,0,0,0,0,0,0,0,0,0,0,0,0,0,0,0
0,0,0,0,0,0,0,0,0,0,0,0,0,0,0,46,49,a4,c5,b9,b4,bf,ba,be,dd,dd,b7,c7,b5,ba,ba,b7,be,be,be,be,d6,d7,dc,d7,d5,d5,d5,d5,d5,d7,d6,d5,b7,b8,b8,bc,dd,db,d2,b7,c3,c3,b8,d4,dd,dd,bc,b8,c4,b8,d3,d2,d2,bd,c4,c4,bd,d2,dd,dd,d2,bc,c4,c7,b1,b8,ca,a0,45,2,3e,33,5,7,6,8,0,0,20,20,0,55,0,57,0,8d,f1,ff,ff,ff,ff,fb,ff,ff,f5,f1,a6,0,0,43,0,0,57,0,0,0,0,0,0,0,0,0,8e,ff,ff,fc,9f,0,28,0,0,0,0,0,0,0,0,0,0,39,0,58,f6,fd,fc,ad,0,0,43,28,0,58,f5,ff,ff,ad,24,24,0,0,54,0,0,0,0,aa,fd,ff,fc,58,0,28,28,0,f1,ff,ff,f2,59,0,0,55,0,90,ff,fc,ff,9e,28,0,28,0,0,9f,fd,ff,fd,8d,24,0,28,0,0,0,0,0,0,0,0,0,35,0,0,ab,ff,f9,ff,4f,0,0,0,0,0,0,0,0,0,0,0,0,0,0,0,0
0,0,0,0,0,0,0,0,0,0,0,0,0,0,0,46,48,a5,c5,d9,b4,bf,ba,be,d2,d2,b5,c2,c2,c2,b5,b7,b7,e1,be,be,d5,d6,d7,dc,d7,d6,d4,d7,db,d7,df,db,b6,b3,b3,bd,d2,d2,b6,b3,b3,b8,b8,d3,dd,db,b6,b3,b3,b8,b6,d2,bc,b7,b8,c7,b8,bc,d2,d2,d2,bc,b8,b8,b1,c8,ca,8f,47,2,33,31,5,7,a,1,1,20,20,20,42,0,39,3b,0,54,0,8d,aa,f1,ff,fb,f8,ff,ff,f5,fd,fb,9f,0,54,0,0,55,0,0,0,0,0,0,0,0,8e,ff,ff,fc,9f,0,28,0,0,0,0,0,0,0,0,0,0,0,24,9f,fa,f9,ff,9e,28,35,0,0,39,0,ab,ff,ff,f8,59,4b,0,28,0,35,0,0,0,aa,fd,ff,fc,58,35,0,4f,55,8d,f8,f8,ff,ab,0,35,35,24,8e,ff,fc,ff,9e,28,0,28,0,0,9f,fd,ff,fd,8d,24,0,28,0,0,0,0,0,0,0,0,0,28,0,54,ab,ff,fb,f9,54,0,0,0,0,0,0,0,0,0,0,0,0,0,0,0,0
0,0,0,0,0,0,0,0,0,0,0,0,0,0,0,3f,48,a5,c1,dc,bf,bf,b1,bc,da,d2,b7,b5,c7,b5,be,bc,c7,b5,b7,d5,d3,d3,bc,bc,e1,be,b7,b7,bc,d3,d2,d2,d3,b7,b7,b7,c7,c7,c7,b7,d2,d4,bc,b5,c3,b5,bc,d2,d2,bb,b8,c4,b8,b7,d2,d4,d2,bc,bd,b8,bd,bc,d2,d3,bc,c8,a4,8f,47,a,2f,2f,6,7,a,2,2,27,21,20,0,58,0,0,28,0,0,52,28,43,59,a6,ad,f5,fb,ff,f5,fc,fa,aa,4b,24,39,0,0,0,0,0,0,0,0,0,8e,ff,ff,fc,9f,0,28,0,0,0,0,0,0,0,0,0,0,0,35,ad,f9,ff,f8,57,39,24,0,4b,52,0,90,ff,ff,ff,a7,0,0,55,0,3b,0,0,0,aa,fd,ff,fc,58,0,28,35,0,0,a7,ff,f6,fb,90,24,0,3b,90,ff,ff,ff,9e,28,0,28,0,0,9f,fd,ff,fd,8d,24,0,28,0,0,0,0,0,0,0,0,0,0,24,0,ad,ff,fd,f6,4f,0,0,0,0,0,0,0,0,0,0,0,0,0,0,0,0
0,0,0,0,0,0,0,0,0,0,0,0,0,0,0,38,48,a1,c1,db,bf,bf,b4,bc,d2,d2,bc,ba,b5,ba,d3,d2,bd,b7,bc,bc,bc,bc,b7,b3,b7,b7,b8,b3,b3,b6,bc,d2,d4,d3,bc,b7,c3,c3,b5,bc,db,de,d3,b1,c3,c3,d4,db,db,d3,b8,c4,b8,be,db,db,d4,be,b8,c4,b7,d3,dd,db,bc,e6,a2,8c,45,c,21,21,6,7,b,3,2a,2a,21,21,43,0,0,39,4f,0,0,0,0,0,0,0,0,57,a6,f1,ff,ff,ff,f9,a6,0,0,55,0,0,0,0,0,0,0,0,8e,ff,ff,fc,9f,0,28,0,0,0,0,0,0,0,0,0,35,0,59,f9,ff,ff,ab,0,0,0,0,4b,0,0,4f,f2,ff,ff,f1,35,0,35,28,0,0,0,0,aa,fd,ff,fc,58,52,0,4f,0,39,35,f1,ff,ff,f1,58,35,0,90,f8,fd,ff,9e,28,0,28,0,0,9f,fd,ff,fd,8d,24,0,28,0,0,0,0,0,0,0,0,0,0,52,0,f1,ff,fd,f5,35,0,0,0,0,0,0,0,0,0,0,0,0,0,0,0,0
0,0,0,0,0,0,0,0,0,0,0,0,0,0,0,38,45,a0,c6,d2,d9,bf,be,bc,d1,bb,bc,be,b5,ba,d4,d2,d2,d2,d2,d3,b8,c8,c8,c8,b3,bd,bd,bd,b8,b8,d3,d7,d7,d6,d6,ba,c7,c3,b1,be,de,de,d7,d5,b1,ba,e1,dc,d7,d7,b7,b7,d3,d5,db,d5,be,b5,b5,b5,d3,db,db,db,b6,e6,a2,49,45,15,21,2f,6,11,9,3,2a,2a,2f,21,20,0,55,24,0,4b,35,0,3b,3b,43,43,0,0,0,0,aa,ff,f6,ff,f5,59,0,0,0,0,0,0,0,0,0,0,8e,ff,ff,fc,9f,0,28,0,0,0,0,0,0,0,0,0,35,28,a7,fd,ff,f6,90,39,35,35,43,39,0,0,24,ab,fc,ff,fb,8e,0,0,4b,0,0,0,0,aa,fd,ff,fc,58,0,57,0,35,43,0,8d,f9,ff,ff,aa,55,43,8d,ff,fa,ff,9e,28,0,28,0,0,9f,fd,ff,fd,8d,24,0,28,0,0,0,0,0,0,0,0,0,28,0,58,f5,ff,ff,ad,0,0,0,0,0,0,0,0,0,0,0,0,0,0,0,0,0
0,0,0,0,0,0,0,0,0,0,0,0,0,0,0,38,45,8f,c6,d1,dc,d8,d5,bc,bb,bb,bd,b7,ba,be,db,dd,d2,d2,bd,c8,cc,cd,cd,cd,c9,c9,c5,c5,e4,c8,e6,e6,e6,e6,e6,e6,e6,e6,c8,cb,cb,cb,bd,d2,be,ba,c7,c8,c8,c4,c7,b7,d5,d5,d6,d3,d5,b7,b5,b7,d4,db,d7,d4,b2,cb,a1,48,4,13,2f,33,6,12,e,3,2a,2b,21,20,0,4f,0,39,0,39,0,39,0,0,0,0,0,28,39,28,52,ad,ff,ff,ff,8d,24,39,0,0,0,0,0,0,0,0,8e,ff,ff,fc,9f,0,28,0,0,0,0,0,0,0,0,0,0,3b,f1,ff,ff,f5,8d,59,59,59,59,59,8d,8d,8d,9e,fc,ff,fb,aa,28,0,39,39,0,0,0,aa,fd,ff,fc,58,0,0,3b,3b,0,0,24,aa,ff,ff,fc,8e,0,8e,ff,ff,ff,9e,28,0,28,0,0,9f,fd,ff,fd,8d,24,0,28,0,0,0,0,0,0,0,0,0,4f,0,9e,ff,f9,ff,a7,0,0,0,0,0,0,0,0,0,0,0,0,0,0,0,0,0
0,0,0,0,0,0,0,0,0,0,0,0,0,0,0,2b,45,8c,ca,e0,d2,d7,bc,e1,d2,d2,b3,b3,bc,d4,d7,d4,af,e4,cb,ea,f0,fe,f0,f0,f0,eb,e8,c0,c1,ea,ed,ef,ef,f0,ee,ee,ed,ea,a4,eb,fe,e9,a2,af,e4,c4,c2,ea,eb,ca,c1,b8,ba,bf,b9,dc,d4,d2,d2,b6,d3,d3,b9,be,d3,c9,a0,48,3,37,3e,3e,5,15,16,f,2d,38,0,6,37,39,0,0,57,0,0,28,0,39,35,0,0,28,0,0,24,9e,f8,fc,ff,9f,0,0,0,0,0,0,0,0,0,0,8e,ff,ff,fc,9f,0,28,0,35,0,55,0,0,0,4f,0,0,8d,fd,ff,ff,fb,ff,fc,fd,fd,fd,fd,fd,fd,fd,fd,fc,ff,ff,f2,39,0,0,0,0,0,0,aa,fd,ff,fc,58,0,0,0,0,0,0,0,0,f1,ff,fc,f2,55,90,f9,ff,ff,9e,28,0,28,0,0,9f,fb,ff,f9,8e,0,0,28,24,3b,0,0,4b,24,0,0,0,0,0,ad,ff,fc,ff,8d,0,0,0,0,0,0,0,0,0,0,0,0,0,0,0,0,0
0,0,0,0,0,0,0,0,0,0,0,0,0,0,0,2a,3d,49,a2,ae,e2,b2,dc,bc,d3,d2,b3,b3,d2,d4,d6,d3,af,c5,c9,ea,fe,ce,e9,ce,e9,ed,ee,ce,a3,e7,ce,ce,cf,fe,e9,ce,ce,cd,a4,e9,fe,fe,cd,c1,af,c8,a3,ea,ed,a4,c0,b8,ba,bf,b9,d9,db,d2,bd,b3,bc,be,b9,b9,b2,ca,8f,3d,9,6,40,40,0,15,16,f,2d,38,6,11,5,4f,8d,a6,9e,a7,8d,4b,28,0,0,24,28,0,0,52,4b,8d,ff,ff,f5,a6,35,24,0,0,0,0,0,0,0,0,8e,ff,ff,fc,9f,0,28,0,39,0,39,0,43,0,0,0,39,ab,fc,ff,ff,ff,ff,ff,ff,ff,ff,ff,ff,ff,ff,ff,ff,f9,fd,ff,9e,55,55,0,0,0,0,aa,fd,ff,fc,58,0,0,0,0,0,0,0,0,8e,ff,fb,f6,aa,8e,ff,ff,ff,9e,28,0,28,0,0,9f,fc,ff,fb,8e,39,0,0,0,0,24,43,28,0,0,43,52,0,8e,f6,fa,fd,ad,0,24,0,0,0,0,0,0,0,0,0,0,0,0,0,0,0,0
0,0,0,0,0,0,0,0,0,0,0,0,0,0,0,2a,4,48,a0,c0,b8,b2,dc,d5,b5,b8,d2,d2,bc,be,d5,d5,e2,c7,c2,ea,ed,a4,a4,a2,c9,ce,f0,e9,e7,be,ae,a4,cf,fe,e8,c0,ae,c6,cd,e9,fe,f0,eb,ca,e0,d2,c0,ea,ed,a4,c1,bc,be,bf,b9,d9,d5,bc,c3,c3,b8,be,d9,d9,af,a2,49,2e,c,7,40,40,0,15,16,f,2d,38,6,11,4c,0,9e,ff,fb,fc,ab,0,0,4b,52,35,0,24,0,0,54,90,f8,ff,fb,9f,0,0,0,0,0,0,0,0,0,0,8e,ff,ff,fc,9f,0,28,0,24,43,0,0,55,0,0,24,39,f2,fb,ff,f5,ad,ad,ad,f1,f1,f1,f1,f1,f1,f1,f1,ad,ff,fc,f9,ab,0,0,54,0,0,0,aa,fd,ff,fc,58,0,0,0,0,0,0,0,0,0,aa,ff,f6,ff,aa,f9,ff,ff,9e,28,0,28,0,0,9f,ff,ff,ff,8d,0,0,24,28,0,28,3b,24,39,39,0,0,58,f2,ff,fd,ff,90,35,24,0,0,0,0,0,0,0,0,0,0,0,0,0,0,0,0
0,0,0,0,0,0,0,0,0,0,0,0,0,0,0,2,4,47,8f,a4,c5,e2,bc,d8,c7,b5,db,dd,bc,b5,be,b7,b2,b2,c3,ea,ed,a5,ca,c9,a2,cd,fe,e9,c8,bc,e5,a2,cf,fe,e7,dd,e2,af,ca,ea,f0,ce,ef,e8,c6,c5,cb,ea,ed,a4,c5,d2,d5,d8,b9,d8,d5,b7,c2,c2,b5,d5,dc,d7,c6,a0,48,2e,1a,11,3e,3e,20,c,16,2d,2d,38,6,11,5,0,8d,fb,ff,ff,f5,58,0,0,0,0,0,35,43,24,0,ad,ff,f6,ff,59,4f,0,0,0,0,0,0,0,0,0,8e,ff,ff,fc,9f,0,28,0,0,4b,0,0,28,0,35,43,90,ff,fc,fc,a7,57,28,55,0,0,0,0,0,0,0,0,4f,ad,ff,ff,ff,59,0,28,0,0,0,aa,fd,ff,fc,58,0,0,0,0,0,0,0,0,3b,55,f1,ff,ff,f5,f6,ff,ff,9e,28,0,28,0,0,9f,f6,f6,ff,8d,28,39,24,0,24,4b,24,0,24,0,35,59,f1,f5,ff,ff,aa,0,55,0,0,0,0,0,0,0,0,0,0,0,0,0,0,0,0,0
0,0,0,0,0,0,0,0,0,0,0,0,0,0,0,1,4d,45,49,a1,c6,e3,b2,bf,ba,ba,d7,db,d3,b5,b5,c4,c6,c6,c8,ea,ee,ce,a5,a4,ce,e9,ee,e8,ae,ae,e6,a4,cf,fe,cd,d1,de,ae,ca,ea,ef,a5,e9,ef,ce,cd,a2,ea,ed,a4,c5,da,d3,d8,b9,d8,b9,c3,c2,c2,c4,d5,de,d4,cc,8f,47,f,1d,13,40,3e,21,9,e,2d,2d,2b,6,11,29,55,0,ad,f6,ff,fd,ac,43,24,0,24,43,43,0,0,9e,fb,f9,ff,ac,54,0,39,0,0,0,0,0,0,0,0,8e,ff,ff,fc,9f,0,28,0,0,0,0,35,0,0,35,0,ab,ff,ff,fd,8d,0,0,24,35,35,35,35,35,35,35,35,3b,a6,ff,f9,f8,9e,0,0,0,0,0,aa,fd,ff,fc,58,0,0,0,0,0,0,0,0,43,0,90,fc,f6,ff,fd,ff,ff,9e,28,0,28,0,0,9f,ff,ff,ff,8d,0,0,0,0,3b,0,0,43,24,28,9f,f5,fc,ff,f5,f1,55,0,39,0,0,0,0,0,0,0,0,0,0,0,0,0,0,0,0,0
0,0,0,0,0,0,0,0,0,0,0,0,0,0,0,5,56,2d,47,a0,ca,e0,b7,b9,b9,d8,dc,d7,d5,b7,c7,c4,c1,c5,c6,ea,fe,f0,ed,ed,ed,ee,e8,a4,e6,e4,a3,cd,e9,fe,e7,af,de,b5,cd,ea,ee,a5,ce,ed,eb,a5,a4,ea,ed,a4,c5,da,d4,d9,b9,bf,ba,b5,c2,c2,b5,be,d4,b3,a1,49,3d,15,19,13,40,3e,2f,1,b,3,2b,2b,6,11,a,0,0,8e,ff,ff,ff,f9,ad,90,0,28,0,0,8d,aa,f6,fd,ff,f5,8e,54,0,43,0,0,0,0,0,0,0,0,8e,ff,ff,fc,9f,0,28,0,3b,0,0,35,0,35,0,58,f6,ff,fc,f1,0,52,43,0,0,0,0,0,0,0,0,0,0,58,f8,f9,ff,ad,0,52,0,0,0,aa,fd,ff,fc,58,0,0,0,0,0,0,0,0,0,3b,0,aa,ff,f9,ff,f9,ff,9e,28,0,28,0,0,9f,fc,f9,f5,8e,4b,0,0,0,0,59,8d,90,aa,f2,ff,ff,ff,f5,f1,57,55,43,0,55,0,0,0,0,0,0,0,0,0,0,0,0,0,0,0,0
0,0,0,0,0,0,0,0,0,0,0,0,0,0,0,5,4c,2,45,49,a2,c0,e4,be,d9,d9,d9,d8,d6,d3,b5,b8,da,d1,ae,e8,ef,e9,ea,ea,ea,ed,eb,cd,ae,de,d3,c0,e8,f0,e7,af,e3,b5,c9,ea,ee,a5,ca,e8,ef,e9,a5,ea,ed,a4,c5,da,d2,d6,b9,bf,b9,ba,c7,c7,b7,bc,b6,a3,8f,48,2d,19,19,13,40,3e,2f,20,9,3,2b,2a,6,7,5,58,0,28,9f,f9,ff,ff,fb,ff,f5,f1,f1,f5,fb,f8,ff,fa,ff,9f,0,0,57,0,0,0,0,0,0,0,0,0,8e,ff,ff,fc,9f,0,28,0,39,0,0,0,35,28,0,9f,ff,ff,f9,a6,0,55,24,0,28,28,28,28,28,28,28,28,35,4f,ad,fb,ff,f5,58,0,0,0,0,aa,fd,ff,fc,58,0,0,0,0,0,0,0,0,24,28,0,57,f1,f9,ff,f8,ff,9e,28,0,28,0,0,9f,f8,ff,ff,f6,f9,ff,fd,ff,fd,f6,f8,ff,ff,ff,ff,fb,f8,ab,39,0,0,24,0,0,0,0,0,0,0,0,0,0,0,0,0,0,0,0,0,0
0,0,0,0,0,0,0,0,0,0,0,0,0,0,0,0,5,35,2e,47,a0,ca,b8,d3,dc,d9,d8,d8,d6,d5,b7,bd,d1,e0,c3,ea,ef,a5,cd,a2,ca,cd,ee,ea,b5,dc,de,c5,e8,ee,e7,b2,e5,c3,a3,ea,ee,a4,c5,c0,eb,ee,ce,eb,ee,a4,c5,da,d2,d5,b4,bf,b9,d8,d8,e1,e1,b3,c0,a4,49,47,9,19,19,13,3e,3e,2f,20,2,2,2a,2a,8,7,50,0,54,39,0,90,f2,ff,ff,ff,ff,ff,fb,f9,ff,ff,fb,f5,8e,4b,0,3b,0,24,0,0,0,0,0,0,0,0,8e,ff,ff,fc,9f,0,28,0,0,3b,35,0,39,0,35,ad,fc,ff,fa,58,4f,0,0,4f,0,0,0,0,0,0,0,0,28,0,9f,fb,f6,ff,a7,0,0,0,0,aa,fd,ff,fc,58,0,0,0,0,0,0,0,0,0,35,39,0,90,f8,ff,ff,ff,9e,28,0,28,0,0,9f,ff,fa,f9,f9,ff,ff,fb,ff,ff,ff,ff,f9,fb,ff,f2,ab,8d,0,3b,0,43,39,0,24,0,0,0,0,0,0,0,0,0,0,0,0,0,0,0,0
0,0,0,0,0,0,0,0,0,0,0,0,0,0,0,0,20,0,2d,3d,49,a5,c5,dd,b6,de,d8,b0,d9,d6,b2,b8,af,c0,cc,ea,f0,a5,ca,c5,e5,a2,ed,ef,c8,bc,e5,a3,e9,ef,e7,d1,b2,c2,cd,ea,ef,a4,e0,df,c9,ed,ec,ec,fe,a4,c6,d1,bb,b6,e5,b0,b9,d6,d7,e3,ae,e6,a4,8f,48,3c,15,19,19,11,2f,33,2f,20,1,2,2a,2a,8,a,a,39,0,24,35,0,58,9e,f1,f6,ff,f9,f9,ff,f8,f1,a6,58,0,39,0,0,4f,0,0,0,0,0,0,0,0,0,90,f6,ff,ff,9e,0,0,0,43,0,52,0,0,0,8d,fd,ff,ff,ab,4f,0,0,4f,0,0,0,0,0,0,0,0,0,3b,0,57,f6,f8,ff,f1,0,35,0,0,aa,f6,ff,f6,59,0,0,0,0,0,0,0,0,0,0,28,0,57,aa,fd,fb,fa,9e,0,24,52,0,55,9f,ff,ff,ff,ff,ff,ff,ff,ff,f9,f5,f2,ad,aa,90,58,0,0,0,0,0,0,0,0,0,0,0,0,0,0,0,0,0,0,0,0,0,0,0,0,0
0,0,0,0,0,0,0,0,0,0,0,0,0,0,0,20,33,21,2a,4,48,8f,cc,af,df,b6,b0,bf,d9,d5,d2,bb,c5,c0,ca,ea,fe,a5,a4,a3,a2,cd,ef,eb,a3,b2,e4,ca,ce,ef,e7,bb,c8,cb,a4,ea,ee,ce,af,d1,c6,e8,fe,fe,ef,a4,c6,dd,e2,af,c7,b4,d9,de,de,af,e5,a2,a1,49,45,1,14,19,19,7,21,31,21,20,0,1,27,2,8,8,0,35,0,24,54,0,0,57,0,57,8d,8e,8e,8d,58,0,58,0,0,55,0,0,3b,0,0,0,0,0,0,0,0,0,0,57,0,4b,0,43,55,0,24,0,3b,0,54,57,0,4f,0,39,35,0,57,0,0,43,0,0,0,0,0,0,0,0,0,0,0,58,0,43,54,0,0,0,3b,43,0,35,55,0,0,0,0,0,0,0,0,0,24,0,4f,39,0,39,57,0,54,0,0,0,0,0,0,52,28,28,28,28,28,28,28,28,0,0,0,35,39,24,24,35,0,0,0,0,0,0,0,0,0,0,0,0,0,0,0,0,0,0,0,0,0,0,0,0
0,0,0,0,0,0,0,0,0,0,0,0,0,0,0,20,2f,2f,2c,2d,3d,48,a1,c5,d1,b2,c8,c8,b0,b6,e3,d1,d1,c1,c9,ea,fe,cf,ce,e8,e9,eb,ee,e8,cb,e5,c0,a4,e9,ef,e7,ae,c3,a3,a4,ea,ee,a5,cb,b3,c5,a2,e9,fe,f0,cd,c5,d1,e2,b3,c7,b4,de,de,dd,d1,c1,a4,8c,3d,38,6,13,14,11,6,21,2f,21,20,0,1,1,1,1,1,0,43,0,0,3b,35,0,0,0,0,0,35,35,0,0,0,0,0,39,39,0,0,39,0,0,0,0,0,0,0,0,0,54,0,0,0,24,24,0,0,24,0,4b,0,0,4b,28,0,28,28,0,0,43,0,0,35,0,0,0,0,0,0,0,0,35,0,52,0,24,4b,0,3b,24,0,4f,0,0,39,0,55,0,0,0,0,0,0,0,0,35,0,0,4b,24,0,24,35,0,28,57,43,28,52,28,0,0,0,0,0,0,0,0,0,43,28,0,0,0,0,0,0,0,0,0,0,0,0,0,0,0,0,0,0,0,0,0,0,0,0,0,0,0,0,0,0
0,0,0,0,0,0,0,0,0,0,0,0,0,0,0,20,31,46,3a,b,3,45,8f,a2,c6,b3,c8,c8,b0,d3,df,da,d1,c5,cb,ea,f0,ef,ed,ee,ed,eb,e8,a2,ae,b3,c0,cd,e9,eb,e8,c4,c8,cb,cc,ea,ed,cd,e6,c3,ae,e6,a5,ee,eb,cd,af,d1,e2,b8,c7,b1,de,b2,e2,c5,ca,a0,47,2d,8,11,11,7,5,0,20,20,20,0,5,5,5,1,1,1,0,4b,24,0,0,35,35,43,4b,43,35,0,0,28,43,4b,0,43,24,0,0,28,28,0,0,0,0,0,0,0,0,0,0,0,55,39,4b,24,0,55,52,0,0,4f,0,0,54,52,0,3b,0,0,0,43,43,0,0,0,0,0,0,0,0,0,24,0,0,0,3b,28,52,39,35,3b,0,0,57,39,0,0,0,0,0,0,0,0,0,0,39,35,0,0,0,0,0,0,43,0,0,0,0,0,0,0,24,24,24,24,24,24,24,24,0,0,0,35,3b,39,28,28,0,0,0,0,0,0,0,0,0,0,0,0,0,0,0,0,0,0,0,0,0,0,0,0
0,0,0,0,0,0,0,0,0,0,0,0,0,0,0,20,30,46,10,11,1,47,48,a0,ca,c1,a3,c2,e5,de,b6,d2,bb,e1,ae,c2,e6,c6,b8,c4,c2,c4,e4,e2,e5,bf,b0,ae,a3,e6,c2,b3,b2,af,af,c5,c6,c0,ae,e5,b0,e5,a3,a3,cd,a3,e2,dd,b6,af,ba,b9,b2,e1,c1,ca,a1,48,3c,2c,11,13,5,1,2a,2a,27,1,0,5,6,6,6,5,1,1,0,24,35,35,35,0,0,0,0,24,39,0,0,35,0,0,0,24,0,0,43,3b,0,0,0,0,0,0,0,0,0,0,55,43,0,0,0,24,0,0,0,3b,0,39,3b,0,0,0,24,0,0,57,0,35,0,0,0,0,0,0,0,0,0,0,0,35,35,57,0,0,39,0,0,35,0,35,0,0,55,54,0,0,0,0,0,0,0,0,0,24,35,35,54,52,24,0,0,39,3b,28,28,43,4b,0,0,0,0,0,0,0,0,0,35,24,0,0,0,0,0,0,0,0,0,0,0,0,0,0,0,0,0,0,0,0,0,0,0,0,0,0,0,0,0,0
0,0,0,0,0,0,0,0,0,0,0,0,0,0,0,1,3c,2a,7,13,5,30,3c,48,a0,ca,e6,ae,b7,de,d2,d4,d3,e5,ba,ba,d2,dd,df,d5,b0,b2,d2,bb,b0,bf,e3,de,b2,b2,b5,e5,d3,db,dd,d1,af,e5,b4,bf,bf,b4,e5,e4,ae,b2,df,da,b2,b2,e1,be,bc,c8,cd,a1,8c,48,31,53,14,11,20,2b,38,38,3,2,8,6,7,7,6,5,1,27,39,0,0,24,3b,28,0,0,3b,0,0,0,0,0,0,39,0,0,0,0,35,0,0,28,0,0,0,0,0,0,0,0,0,4b,0,55,0,0,35,0,0,55,24,0,24,0,0,57,39,0,0,3b,0,0,0,4b,0,0,0,0,0,0,0,0,43,3b,0,0,0,52,0,55,4b,0,4b,43,0,28,0,0,0,0,0,0,0,0,0,0,3b,24,0,0,0,0,0,28,3b,55,24,0,0,0,28,0,28,28,28,28,28,28,28,28,24,28,24,0,0,35,3b,3b,0,0,0,0,0,0,0,0,0,0,0,0,0,0,0,0,0,0,0,0,0,0,0,0
0,0,0,0,0,0,0,0,0,0,0,0,0,0,0,1,d,3,0,37,37,7,56,45,49,a1,cb,b2,ae,c7,e3,d2,bc,d9,bf,b4,dd,d1,db,b6,c8,e6,c6,b3,be,d9,de,af,df,d3,d9,b9,b1,bc,da,da,e4,ae,d9,bf,bf,bf,b0,d7,e3,de,d1,d1,bb,e4,d7,bc,e5,ae,a4,8c,48,45,21,4e,13,7,27,38,3c,3c,3,3,a,7,7,11,7,5,1,27,4b,0,0,0,0,39,43,28,0,0,0,52,52,0,0,0,3b,3b,39,0,0,0,0,39,0,0,0,0,0,0,0,0,0,35,0,24,0,28,35,0,4f,0,0,0,4f,35,0,0,0,52,3b,35,0,43,24,0,0,0,0,0,0,0,0,0,0,39,39,28,3b,54,0,28,0,0,39,0,0,28,28,54,0,0,0,0,0,0,0,0,35,0,0,35,35,0,0,24,0,0,0,35,52,0,28,0,0,0,0,0,0,0,0,0,0,0,24,0,0,0,0,0,0,0,0,0,0,0,0,0,0,0,0,0,0,0,0,0,0,0,0,0,0,0,0,0
0,0,0,0,0,0,0,0,0,0,0,0,0,0,0,1,3,4d,2a,0,14,14,14,45,47,8c,a1,cb,e6,c2,d3,d2,d4,bc,d8,d8,df,d1,d7,c7,c2,cb,c0,c8,e3,bc,dd,df,bb,d4,dc,be,e5,b7,af,dd,e4,b1,d9,bf,bf,bf,d9,be,b0,dc,db,df,db,bb,bb,bd,c0,a4,8c,48,3d,2a,55,21,7,6,27,38,38,2d,3,9,a,6,7,7,6,5,20,27,20,0,3b,28,0,0,39,0,24,24,0,0,0,0,28,28,0,0,39,35,0,3b,39,0,0,0,0,0,0,0,0,0,39,0,39,28,24,0,0,35,0,0,55,24,0,35,39,0,0,0,0,0,28,24,0,35,0,0,0,0,0,0,0,0,0,0,0,39,0,0,54,0,24,52,0,24,4f,0,0,0,0,0,0,0,0,0,0,0,0,24,35,0,0,28,43,0,0,4f,0,28,0,0,4b,0,0,0,0,0,0,0,0,0,0,35,24,0,0,0,24,0,0,0,0,0,0,0,0,0,0,0,0,0,0,0,0,0,0,0,0,0,0,0,0,0
0,0,0,0,0,0,0,0,0,0,0,0,0,0,0,2a,2d,4,2d,27,7,19,19,19,4d,45,49,a1,cd,c9,b2,bb,bb,d4,d7,d7,d7,d7,b9,b4,b5,c3,c4,c4,b8,b6,bb,d1,d1,d1,d2,d2,bd,bd,bb,d2,bd,be,dc,dc,d5,bc,d2,be,ba,b4,d8,de,dd,d1,c5,ca,a1,8f,47,3d,f,9,3e,31,0,5,20,27,27,27,1,1,5,5,5,5,5,0,0,20,0,0,0,0,0,0,0,0,0,0,0,0,0,0,0,0,0,0,0,0,0,0,0,0,0,0,0,0,0,0,0,0,0,0,0,0,0,0,0,0,0,0,0,0,0,0,0,0,0,0,0,0,0,0,0,0,0,0,0,0,0,0,0,0,0,0,0,0,0,0,0,0,0,0,0,0,0,0,0,0,0,0,0,0,0,0,0,0,0,0,0,0,0,0,0,0,0,0,0,0,0,0,0,0,0,0,0,0,0,0,0,0,0,0,0,0,0,0,0,0,0,0,0,0,0,0,0,0,0,0,0,0,0,0,0,0,0,0,0,0,0,0,0,0
0,0,0,0,0,0,0,0,0,0,0,0,0,0,0,2a,2d,4,2d,2a,5,14,19,19,19,57,3d,48,a0,a4,c6,e4,e2,de,e3,dc,bc,b0,b4,e5,ba,ba,be,b7,bd,bd,e0,e0,d1,d1,d1,bb,d2,bc,bc,bc,b2,b6,bc,d4,e2,e2,db,e1,b0,ba,bf,b2,db,c5,a2,a4,8c,47,3c,4d,15,6,33,31,20,0,0,0,0,0,0,0,0,0,0,0,0,0,0,0,0,0,0,0,0,0,0,0,0,0,0,0,0,0,0,0,0,0,0,0,0,0,0,0,0,0,0,0,0,0,0,0,0,0,0,0,0,0,0,0,0,0,0,0,0,0,0,0,0,0,0,0,0,0,0,0,0,0,0,0,0,0,0,0,0,0,0,0,0,0,0,0,0,0,0,0,0,0,0,0,0,0,0,0,0,0,0,0,0,0,0,0,0,0,0,0,0,0,0,0,0,0,0,0,0,0,0,0,0,0,0,0,0,0,0,0,0,0,0,0,0,0,0,0,0,0,0,0,0,0,0,0,0,0,0,0,0,0,0,0,0,0,0,0
0,0,0,0,0,0,0,0,0,0,0,0,0,0,0,1,3,2a,2a,20,20,6,13,14,1d,2,3c,47,49,a0,cd,c9,c1,ae,ae,b8,e5,e1,b1,b0,d8,d8,d6,d6,d4,d4,dd,d2,d2,d4,d4,d4,d5,d5,d5,d5,d9,d8,bc,b0,b2,b7,b6,bc,e3,be,bc,b8,c6,cd,a1,49,47,3c,2d,1a,14,7,42,21,20,0,0,0,0,0,0,0,0,0,0,0,0,0,0,0,0,0,0,0,0,0,0,0,0,0,0,0,0,0,0,0,0,0,0,0,0,0,0,0,0,0,0,0,0,0,0,0,0,0,0,0,0,0,0,0,0,0,0,0,0,0,0,0,0,0,0,0,0,0,0,0,0,0,0,0,0,0,0,0,0,0,0,0,0,0,0,0,0,0,0,0,0,0,0,0,0,0,0,0,0,0,0,0,0,0,0,0,0,0,0,0,0,0,0,0,0,0,0,0,0,0,0,0,0,0,0,0,0,0,0,0,0,0,0,0,0,0,0,0,0,0,0,0,0,0,0,0,0,0,0,0,0,0,0,0,0,0,0,0
0,0,0,0,0,0,0,0,0,0,0,0,0,0,0,5,8,8,20,21,21,21,20,6,6,54,3c,45,49,49,8f,a1,ca,cb,c6,b3,b2,b6,e1,e3,d8,dc,dc,dc,d7,db,db,d4,d6,b9,d5,d8,d8,d8,d8,d8,d8,b9,d5,b9,e1,ba,e4,e1,b2,bb,b3,cc,a4,a0,49,47,47,f,1a,19,14,11,42,20,0,0,0,0,0,0,0,0,0,0,0,0,0,0,0,0,0,0,0,0,0,0,0,0,0,0,0,0,0,0,0,0,0,0,0,0,0,0,0,0,0,0,0,0,0,0,0,0,0,0,0,0,0,0,0,0,0,0,0,0,0,0,0,0,0,0,0,0,0,0,0,0,0,0,0,0,0,0,0,0,0,0,0,0,0,0,0,0,0,0,0,0,0,0,0,0,0,0,0,0,0,0,0,0,0,0,0,0,0,0,0,0,0,0,0,0,0,0,0,0,0,0,0,0,0,0,0,0,0,0,0,0,0,0,0,0,0,0,0,0,0,0,0,0,0,0,0,0,0,0,0,0,0,0,0,0,0,0,0,0
0,0,0,0,0,0,0,0,0,0,0,0,0,0,0,6,11,11,5,21,31,33,33,2f,44,20,30,47,45,45,49,8c,a1,a2,cc,cb,c5,b3,b6,b2,d6,d6,d6,d6,d6,d5,d5,b9,ba,ba,ba,bf,bf,bf,bf,d8,b9,b9,d9,d9,d5,bc,b2,af,e5,c1,ca,a1,8f,49,48,3d,18,15,12,1a,17,11,6,5,0,0,0,0,0,0,0,0,0,0,0,0,0,0,0,0,0,0,0,0,0,0,0,0,0,0,0,0,0,0,0,0,0,0,0,0,0,0,0,0,0,0,0,0,0,0,0,0,0,0,0,0,0,0,0,0,0,0,0,0,0,0,0,0,0,0,0,0,0,0,0,0,0,0,0,0,0,0,0,0,0,0,0,0,0,0,0,0,0,0,0,0,0,0,0,0,0,0,0,0,0,0,0,0,0,0,0,0,0,0,0,0,0,0,0,0,0,0,0,0,0,0,0,0,0,0,0,0,0,0,0,0,0,0,0,0,0,0,0,0,0,0,0,0,0,0,0,0,0,0,0,0,0,0,0,0,0,0,0,0
0,0,0,0,0,0,0,0,0,0,0,0,0,0,0,6,14,14,6,21,31,3e,3e,31,21,21,28,1,2a,3c,46,45,49,8f,a1,a4,ca,c0,c5,e2,d2,d4,d4,d4,d5,be,b7,b5,b5,ba,ba,bf,bf,bf,d8,d8,d9,dc,bc,b6,b6,bd,e4,c6,a3,a2,a0,49,47,48,2e,16,17,12,6,26,26,5,6,4a,5,0,0,0,0,0,0,0,0,0,0,0,0,0,0,0,0,0,0,0,0,0,0,0,0,0,0,0,0,0,0,0,0,0,0,0,0,0,0,0,0,0,0,0,0,0,0,0,0,0,0,0,0,0,0,0,0,0,0,0,0,0,0,0,0,0,0,0,0,0,0,0,0,0,0,0,0,0,0,0,0,0,0,0,0,0,0,0,0,0,0,0,0,0,0,0,0,0,0,0,0,0,0,0,0,0,0,0,0,0,0,0,0,0,0,0,0,0,0,0,0,0,0,0,0,0,0,0,0,0,0,0,0,0,0,0,0,0,0,0,0,0,0,0,0,0,0,0,0,0,0,0,0,0,0,0,0,0,0,0
0,0,0,0,0,0,0,0,0,0,0,0,0,0,0,6,14,14,6,21,31,33,33,31,21,4b,12,11,14,7,6,3c,48,47,48,8f,a1,a4,cc,ae,d1,da,da,d2,bc,b8,c4,c4,b5,ba,b9,d5,d6,d6,db,d4,de,d2,d1,b3,c5,c6,c0,a2,a0,49,48,48,4,f,1a,56,4a,39,31,33,31,21,6,4a,5,0,0,0,0,0,0,0,0,0,0,0,0,0,0,0,0,0,0,0,0,0,0,0,0,0,0,0,0,0,0,0,0,0,0,0,0,0,0,0,0,0,0,0,0,0,0,0,0,0,0,0,0,0,0,0,0,0,0,0,0,0,0,0,0,0,0,0,0,0,0,0,0,0,0,0,0,0,0,0,0,0,0,0,0,0,0,0,0,0,0,0,0,0,0,0,0,0,0,0,0,0,0,0,0,0,0,0,0,0,0,0,0,0,0,0,0,0,0,0,0,0,0,0,0,0,0,0,0,0,0,0,0,0,0,0,0,0,0,0,0,0,0,0,0,0,0,0,0,0,0,0,0,0,0,0,0,0,0,0
0,0,0,0,0,0,0,0,0,0,0,0,0,0,0,6,11,11,5,20,30,38,38,2b,2a,8,11,19,14,19,19,14,17,f,2e,48,49,8c,a0,a2,c9,c1,c1,c1,c1,c1,c6,c6,b3,bd,bd,b6,b6,b6,bd,c5,c5,c0,c9,ca,a2,a1,8f,49,48,45,45,2d,1a,1d,19,14,0,40,3e,3e,40,3f,5,7,5,0,0,0,0,0,0,0,0,0,0,0,0,0,0,0,0,0,0,0,0,0,0,0,0,0,0,0,0,0,0,0,0,0,0,0,0,0,0,0,0,0,0,0,0,0,0,0,0,0,0,0,0,0,0,0,0,0,0,0,0,0,0,0,0,0,0,0,0,0,0,0,0,0,0,0,0,0,0,0,0,0,0,0,0,0,0,0,0,0,0,0,0,0,0,0,0,0,0,0,0,0,0,0,0,0,0,0,0,0,0,0,0,0,0,0,0,0,0,0,0,0,0,0,0,0,0,0,0,0,0,0,0,0,0,0,0,0,0,0,0,0,0,0,0,0,0,0,0,0,0,0,0,0,0,0,0,0,0,0
0,0,0,0,0,0,0,0,0,0,0,0,0,0,0,5,5,8,1,2,2a,2d,3,2d,2d,e,12,11,11,11,7,6,0,27,2b,3c,45,45,47,48,8c,a0,a1,a4,ca,ca,c0,c6,c1,c5,c1,c1,c1,c9,ca,a4,a5,a1,a0,8f,49,47,3d,2e,2d,2,b,12,19,19,13,6,2f,33,3e,3e,33,21,5,6,5,0,0,0,0,0,0,0,0,0,0,0,0,0,0,0,0,0,0,0,0,0,0,0,0,0,0,0,0,0,0,0,0,0,0,0,0,0,0,0,0,0,0,0,0,0,0,0,0,0,0,0,0,0,0,0,0,0,0,0,0,0,0,0,0,0,0,0,0,0,0,0,0,0,0,0,0,0,0,0,0,0,0,0,0,0,0,0,0,0,0,0,0,0,0,0,0,0,0,0,0,0,0,0,0,0,0,0,0,0,0,0,0,0,0,0,0,0,0,0,0,0,0,0,0,0,0,0,0,0,0,0,0,0,0,0,0,0,0,0,0,0,0,0,0,0,0,0,0,0,0,0,0,0,0,0,0,0,0,0
0,0,0,0,0,0,0,0,0,0,0,0,0,0,0,0,1,2,2,3,3,2d,4,f,f,e,c,7,6,5,21,21,31,31,2f,20,2,3,4,2e,3d,47,49,49,8c,8f,a0,a0,a0,a0,a0,a0,a0,a0,8f,8f,49,49,47,3d,4,16,1d,1d,19,13,14,14,13,11,6,20,2f,31,31,31,21,20,5,6,0,0,0,0,0,0,0,0,0,0,0,0,0,0,0,0,0,0,0,0,0,0,0,0,0,0,0,0,0,0,0,0,0,0,0,0,0,0,0,0,0,0,0,0,0,0,0,0,0,0,0,0,0,0,0,0,0,0,0,0,0,0,0,0,0,0,0,0,0,0,0,0,0,0,0,0,0,0,0,0,0,0,0,0,0,0,0,0,0,0,0,0,0,0,0,0,0,0,0,0,0,0,0,0,0,0,0,0,0,0,0,0,0,0,0,0,0,0,0,0,0,0,0,0,0,0,0,0,0,0,0,0,0,0,0,0,0,0,0,0,0,0,0,0,0,0,0,0,0,0,0,0,0,0,0,0,0,0,0,0
0,0,0,0,0,0,0,0,0,0,0,0,0,0,0,20,27,2a,2a,3,3,f,f,f,16,e,b,1,20,2f,31,33,33,33,31,2f,21,20,2,3,2d,4,3d,3d,48,48,48,47,47,45,45,47,48,47,45,45,45,3c,3c,3,a,14,19,19,7,5,20,20,20,20,20,20,20,5,5,6,6,6,6,6,0,0,0,0,0,0,0,0,0,0,0,0,0,0,0,0,0,0,0,0,0,0,0,0,0,0,0,0,0,0,0,0,0,0,0,0,0,0,0,0,0,0,0,0,0,0,0,0,0,0,0,0,0,0,0,0,0,0,0,0,0,0,0,0,0,0,0,0,0,0,0,0,0,0,0,0,0,0,0,0,0,0,0,0,0,0,0,0,0,0,0,0,0,0,0,0,0,0,0,0,0,0,0,0,0,0,0,0,0,0,0,0,0,0,0,0,0,0,0,0,0,0,0,0,0,0,0,0,0,0,0,0,0,0,0,0,0,0,0,0,0,0,0,0,0,0,0,0,0,0,0,0,0,0,0,0,0,0,0,0
0,0,0,0,0,0,0,0,0,0,0,0,0,0,0,20,30,2b,2a,3,9,e,16,16,e,b,2,27,21,31,33,33,31,2f,2f,21,20,5,5,6,e,16,4d,18,2e,4,4,4,16,17,15,e,2d,2d,2d,3c,45,45,43,3b,37,10,11,7,20,2f,2f,31,2f,21,20,0,6,7,11,13,11,11,7,6,5,0,0,0,0,0,0,0,0,0,0,0,0,0,0,0,0,0,0,0,0,0,0,0,0,0,0,0,0,0,0,0,0,0,0,0,0,0,0,0,0,0,0,0,0,0,0,0,0,0,0,0,0,0,0,0,0,0,0,0,0,0,0,0,0,0,0,0,0,0,0,0,0,0,0,0,0,0,0,0,0,0,0,0,0,0,0,0,0,0,0,0,0,0,0,0,0,0,0,0,0,0,0,0,0,0,0,0,0,0,0,0,0,0,0,0,0,0,0,0,0,0,0,0,0,0,0,0,0,0,0,0,0,0,0,0,0,0,0,0,0,0,0,0,0,0,0,0,0,0,0,0,0,0,0,0,0,0,0,0
0,0,0,0,0,0,0,0,0,0,0,0,0,0,0,20,21,27,27,1,8,a,c,c,a,1,1,21,2f,2f,31,2f,5,7,7,11,11,13,13,11,11,c,a,9,2,2,2d,45,46,3f,2f,30,30,30,38,38,38,30,2f,21,21,20,34,36,31,31,31,31,2f,20,20,5,6,7,11,11,11,11,7,6,5,0,0,0,0,0,0,0,0,0,0,0,0,0,0,0,0,0,0,0,0,0,0,0,0,0,0,0,0,0,0,0,0,0,0,0,0,0,0,0,0,0,0,0,0,0,0,0,0,0,0,0,0,0,0,0,0,0,0,0,0,0,0,0,0,0,0,0,0,0,0,0,0,0,0,0,0,0,0,0,0,0,0,0,0,0,0,0,0,0,0,0,0,0,0,0,0,0,0,0,0,0,0,0,0,0,0,0,0,0,0,0,0,0,0,0,0,0,0,0,0,0,0,0,0,0,0,0,0,0,0,0,0,0,0,0,0,0,0,0,0,0,0,0,0,0,0,0,0,0,0,0,0,0,0,0,0,0,0,0
0,0,0,0,0,0,0,0,0,0,0,0,0,0,0,20,20,21,20,0,5,6,6,5,20,21,21,21,21,21,21,0,6,7,7,11,13,13,13,13,14,11,37,42,42,31,21,2f,31,31,33,40,46,46,46,46,38,3f,3f,3f,33,2f,2f,2f,2f,2f,21,20,20,1,20,1,0,1,1,8,5,6,7,6,5,0,0,0,0,0,0,0,0,0,0,0,0,0,0,0,0,0,0,0,0,0,0,0,0,0,0,0,0,0,0,0,0,0,0,0,0,0,0,0,0,0,0,0,0,0,0,0,0,0,0,0,0,0,0,0,0,0,0,0,0,0,0,0,0,0,0,0,0,0,0,0,0,0,0,0,0,0,0,0,0,0,0,0,0,0,0,0,0,0,0,0,0,0,0,0,0,0,0,0,0,0,0,0,0,0,0,0,0,0,0,0,0,0,0,0,0,0,0,0,0,0,0,0,0,0,0,0,0,0,0,0,0,0,0,0,0,0,0,0,0,0,0,0,0,0,0,0,0,0,0,0,0,0,0,0,0,0,0,0
0,0,0,0,0,0,0,0,0,0,0,0,0,0,0,0,20,20,20,5,5,5,20,21,31,31,31,2f,20,5,7,6,20,21,20,20,0,5,6,6,37,6,5,20,21,3e,40,44,21,20,25,26,28,0,1,2,2,2,2,38,38,38,30,20,5,a,c,12,c,b,1,2a,30,38,38,38,30,1,a,c,5,0,0,0,0,0,0,0,0,0,0,0,0,0,0,0,0,0,0,0,0,0,0,0,0,0,0,0,0,0,0,0,0,0,0,0,0,0,0,0,0,0,0,0,0,0,0,0,0,0,0,0,0,0,0,0,0,0,0,0,0,0,0,0,0,0,0,0,0,0,0,0,0,0,0,0,0,0,0,0,0,0,0,0,0,0,0,0,0,0,0,0,0,0,0,0,0,0,0,0,0,0,0,0,0,0,0,0,0,0,0,0,0,0,0,0,0,0,0,0,0,0,0,0,0,0,0,0,0,0,0,0,0,0,0,0,0,0,0,0,0,0,0,0,0,0,0,0,0,0,0,0,0,0,0,0,0,0,0,0
0,0,0,0,0,0,0,0,0,0,0,0,0,0,0,0,20,20,20,5,5,20,21,2f,31,31,2f,21,0,6,11,6,27,30,27,27,20,0,0,5,5,23,37,36,21,2f,2f,21,20,6,6,6,6,12,15,16,b,9,2,2,2,27,27,2a,a,12,12,15,12,b,1,2a,32,38,3f,32,30,1,8,a,5,0,0,0,0,0,0,0,0,0,0,0,0,0,0,0,0,0,0,0,0,0,0,0,0,0,0,0,0,0,0,0,0,0,0,0,0,0,0,0,0,0,0,0,0,0,0,0,0,0,0,0,0,0,0,0,0,0,0,0,0,0,0,0,0,0,0,0,0,0,0,0,0,0,0,0,0,0,0,0,0,0,0,0,0,0,0,0,0,0,0,0,0,0,0,0,0,0,0,0,0,0,0,0,0,0,0,0,0,0,0,0,0,0,0,0,0,0,0,0,0,0,0,0,0,0,0,0,0,0,0,0,0,0,0,0,0,0,0,0,0,0,0,0,0,0,0,0,0,0,0,0,0,0,0,0,0,0,0,0
0,0,0,0,0,0,0,0,0,0,0,0,0,0,0,0,0,0,0,0,0,0,0,20,20,20,20,20,0,5,5,5,20,20,20,20,0,0,0,0,0,0,0,0,20,20,20,20,0,5,5,5,5,5,5,8,8,1,1,1,1,20,20,0,5,5,6,a,5,8,0,1,20,27,21,20,20,0,0,5,0,0,0,0,0,0,0,0,0,0,0,0,0,0,0,0,0,0,0,0,0,0,0,0,0,0,0,0,0,0,0,0,0,0,0,0,0,0,0,0,0,0,0,0,0,0,0,0,0,0,0,0,0,0,0,0,0,0,0,0,0,0,0,0,0,0,0,0,0,0,0,0,0,0,0,0,0,0,0,0,0,0,0,0,0,0,0,0,0,0,0,0,0,0,0,0,0,0,0,0,0,0,0,0,0,0,0,0,0,0,0,0,0,0,0,0,0,0,0,0,0,0,0,0,0,0,0,0,0,0,0,0,0,0,0,0,0,0,0,0,0,0,0,0,0,0,0,0,0,0,0,0,0,0,0,0,0,0,0,0
0,0,0,0,0,0,0,0,0,0,0,0,0,0,0,0,0,0,0,0,0,0,0,0,0,0,0,0,0,0,0,0,0,0,0,0,0,0,0,0,0,0,0,0,0,0,0,0,0,0,0,0,0,0,0,0,0,0,0,0,0,0,0,0,0,0,0,0,0,0,0,0,0,0,0,0,0,0,0,0,0,0,0,0,0,0,0,0,0,0,0,0,0,0,0,0,0,0,0,0,0,0,0,0,0,0,0,0,0,0,0,0,0,0,0,0,0,0,0,0,0,0,0,0,0,0,0,0,0,0,0,0,0,0,0,0,0,0,0,0,0,0,0,0,0,0,0,0,0,0,0,0,0,0,0,0,0,0,0,0,0,0,0,0,0,0,0,0,0,0,0,0,0,0,0,0,0,0,0,0,0,0,0,0,0,0,0,0,0,0,0,0,0,0,0,0,0,0,0,0,0,0,0,0,0,0,0,0,0,0,0,0,0,0,0,0,0,0,0,0,0,0,0,0,0,0,0,0,0,0,0,0,0,0,0,0,0,0,0,0
0,0,0,0,0,0,0,0,0,0,0,0,0,0,0,0,0,0,0,0,0,0,0,0,0,0,0,0,0,0,0,0,0,0,0,0,0,0,0,0,0,0,0,0,0,0,0,0,0,0,0,0,0,0,0,0,0,0,0,0,0,0,0,0,0,0,0,0,0,0,0,0,0,0,0,0,0,0,0,0,0,0,0,0,0,0,0,0,0,0,0,0,0,0,0,0,0,0,0,0,0,0,0,0,0,0,0,0,0,0,0,0,0,0,0,0,0,0,0,0,0,0,0,0,0,0,0,0,0,0,0,0,0,0,0,0,0,0,0,0,0,0,0,0,0,0,0,0,0,0,0,0,0,0,0,0,0,0,0,0,0,0,0,0,0,0,0,0,0,0,0,0,0,0,0,0,0,0,0,0,0,0,0,0,0,0,0,0,0,0,0,0,0,0,0,0,0,0,0,0,0,0,0,0,0,0,0,0,0,0,0,0,0,0,0,0,0,0,0,0,0,0,0,0,0,0,0,0,0,0,0,0,0,0,0,0,0,0,0,0
0,0,0,0,0,0,0,0,0,0,0,0,0,0,0,0,0,0,0,0,0,0,0,0,0,0,0,0,0,0,0,0,0,0,0,0,0,0,0,0,0,0,0,0,0,0,0,0,0,0,0,0,0,0,0,0,0,0,0,0,0,0,0,0,0,0,0,0,0,0,0,0,0,0,0,0,0,0,0,0,0,0,0,0,0,0,0,0,0,0,0,0,0,0,0,0,0,0,0,0,0,0,0,0,0,0,0,0,0,0,0,0,0,0,0,0,0,0,0,0,0,0,0,0,0,0,0,0,0,0,0,0,0,0,0,0,0,0,0,0,0,0,0,0,0,0,0,0,0,0,0,0,0,0,0,0,0,0,0,0,0,0,0,0,0,0,0,0,0,0,0,0,0,0,0,0,0,0,0,0,0,0,0,0,0,0,0,0,0,0,0,0,0,0,0,0,0,0,0,0,0,0,0,0,0,0,0,0,0,0,0,0,0,0,0,0,0,0,0,0,0,0,0,0,0,0,0,0,0,0,0,0,0,0,0,0,0,0,0,0
0,0,0,0,0,0,0,0,0,0,0,0,0,0,0,0,0,0,0,0,0,0,0,0,0,0,0,0,0,0,0,0,0,0,0,0,0,0,0,0,0,0,0,0,0,0,0,0,0,0,0,0,0,0,0,0,0,0,0,0,0,0,0,0,0,0,0,0,0,0,0,0,0,0,0,0,0,0,0,0,0,0,0,0,0,0,0,0,0,0,0,0,0,0,0,0,0,0,0,0,0,0,0,0,0,0,0,0,0,0,0,0,0,0,0,0,0,0,0,0,0,0,0,0,0,0,0,0,0,0,0,0,0,0,0,0,0,0,0,0,0,0,0,0,0,0,0,0,0,0,0,0,0,0,0,0,0,0,0,0,0,0,0,0,0,0,0,0,0,0,0,0,0,0,0,0,0,0,0,0,0,0,0,0,0,0,0,0,0,0,0,0,0,0,0,0,0,0,0,0,0,0,0,0,0,0,0,0,0,0,0,0,0,0,0,0,0,0,0,0,0,0,0,0,0,0,0,0,0,0,0,0,0,0,0,0,0,0,0,0
0,0,0,0,0,0,0,0,0,0,0,0,0,0,0,0,0,0,0,0,0,0,0,0,0,0,0,0,0,0,0,0,0,0,0,0,0,0,0,0,0,0,0,0,0,0,0,0,0,0,0,0,0,0,0,0,0,0,0,0,0,0,0,0,0,0,0,0,0,0,0,0,0,0,0,0,0,0,0,0,0,0,0,0,0,0,0,0,0,0,0,0,0,0,0,0,0,0,0,0,0,0,0,0,0,0,0,0,0,0,0,0,0,0,0,0,0,0,0,0,0,0,0,0,0,0,0,0,0,0,0,0,0,0,0,0,0,0,0,0,0,0,0,0,0,0,0,0,0,0,0,0,0,0,0,0,0,0,0,0,0,0,0,0,0,0,0,0,0,0,0,0,0,0,0,0,0,0,0,0,0,0,0,0,0,0,0,0,0,0,0,0,0,0,0,0,0,0,0,0,0,0,0,0,0,0,0,0,0,0,0,0,0,0,0,0,0,0,0,0,0,0,0,0,0,0,0,0,0,0,0,0,0,0,0,0,0,0,0,0
